,Normal_nir_nhondhani1.doc,Normal_nir_nhondhani10.doc,Normal_nir_nhondhani100.doc,Normal_nir_nhondhani101.doc,Normal_nir_nhondhani102.doc,Normal_nir_nhondhani103.doc,Normal_nir_nhondhani104.doc,Normal_nir_nhondhani105.doc,Normal_nir_nhondhani106.doc,Normal_nir_nhondhani107.doc,Normal_nir_nhondhani108.doc,Normal_nir_nhondhani109.doc,Normal_nir_nhondhani11.doc,Normal_nir_nhondhani110.doc,Normal_nir_nhondhani111.doc,Normal_nir_nhondhani112.doc,Normal_nir_nhondhani113.doc,Normal_nir_nhondhani114.doc,Normal_nir_nhondhani115.doc,Normal_nir_nhondhani116.doc,Normal_nir_nhondhani117.doc,Normal_nir_nhondhani118.doc,Normal_nir_nhondhani119.doc,Normal_nir_nhondhani12.doc,Normal_nir_nhondhani120.doc,Normal_nir_nhondhani121.doc,Normal_nir_nhondhani122.doc,Normal_nir_nhondhani123.doc,Normal_nir_nhondhani124.doc,Normal_nir_nhondhani125.doc,Normal_nir_nhondhani126.doc,Normal_nir_nhondhani127.doc,Normal_nir_nhondhani128.doc,Normal_nir_nhondhani129.doc,Normal_nir_nhondhani13.doc,Normal_nir_nhondhani130.doc,Normal_nir_nhondhani131.doc,Normal_nir_nhondhani132.doc,Normal_nir_nhondhani133.doc,Normal_nir_nhondhani134.doc,Normal_nir_nhondhani135.doc,Normal_nir_nhondhani136.doc,Normal_nir_nhondhani137.doc,Normal_nir_nhondhani138.doc,Normal_nir_nhondhani139.doc,Normal_nir_nhondhani14.doc,Normal_nir_nhondhani140.doc,Normal_nir_nhondhani141.doc,Normal_nir_nhondhani142.doc,Normal_nir_nhondhani143.doc,Normal_nir_nhondhani144.doc,Normal_nir_nhondhani145.doc,Normal_nir_nhondhani146.doc,Normal_nir_nhondhani147.doc,Normal_nir_nhondhani148.doc,Normal_nir_nhondhani149.doc,Normal_nir_nhondhani15.doc,Normal_nir_nhondhani150.doc,Normal_nir_nhondhani151.doc,Normal_nir_nhondhani152.doc,Normal_nir_nhondhani153.doc,Normal_nir_nhondhani154.doc,Normal_nir_nhondhani155.doc,Normal_nir_nhondhani156.doc,Normal_nir_nhondhani157.doc,Normal_nir_nhondhani158.doc,Normal_nir_nhondhani159.doc,Normal_nir_nhondhani16.doc,Normal_nir_nhondhani160.doc,Normal_nir_nhondhani161.doc,Normal_nir_nhondhani162.doc,Normal_nir_nhondhani163.doc,Normal_nir_nhondhani164.doc,Normal_nir_nhondhani165.doc,Normal_nir_nhondhani166.doc,Normal_nir_nhondhani167.doc,Normal_nir_nhondhani168.doc,Normal_nir_nhondhani169.doc,Normal_nir_nhondhani17.doc,Normal_nir_nhondhani170.doc,Normal_nir_nhondhani171.doc,Normal_nir_nhondhani172.doc,Normal_nir_nhondhani173.doc,Normal_nir_nhondhani174.doc,Normal_nir_nhondhani175.doc,Normal_nir_nhondhani176.doc,Normal_nir_nhondhani177.doc,Normal_nir_nhondhani178.doc,Normal_nir_nhondhani179.doc,Normal_nir_nhondhani18.doc,Normal_nir_nhondhani180.doc,Normal_nir_nhondhani181.doc,Normal_nir_nhondhani182.doc,Normal_nir_nhondhani183.doc,Normal_nir_nhondhani184.doc,Normal_nir_nhondhani185.doc,Normal_nir_nhondhani186.doc,Normal_nir_nhondhani187.doc,Normal_nir_nhondhani188.doc,Normal_nir_nhondhani189.doc,Normal_nir_nhondhani19.doc,Normal_nir_nhondhani190.doc,Normal_nir_nhondhani191.doc,Normal_nir_nhondhani192.doc,Normal_nir_nhondhani193.doc,Normal_nir_nhondhani194.doc,Normal_nir_nhondhani195.doc,Normal_nir_nhondhani196.doc,Normal_nir_nhondhani197.doc,Normal_nir_nhondhani198.doc,Normal_nir_nhondhani199.doc,Normal_nir_nhondhani2.doc,Normal_nir_nhondhani20.doc,Normal_nir_nhondhani200.doc,Normal_nir_nhondhani201.doc,Normal_nir_nhondhani202.doc,Normal_nir_nhondhani203.doc,Normal_nir_nhondhani204.doc,Normal_nir_nhondhani205.doc,Normal_nir_nhondhani206.doc,Normal_nir_nhondhani207.doc,Normal_nir_nhondhani208.doc,Normal_nir_nhondhani209.doc,Normal_nir_nhondhani21.doc,Normal_nir_nhondhani210.doc,Normal_nir_nhondhani211.doc,Normal_nir_nhondhani212.doc,Normal_nir_nhondhani213.doc,Normal_nir_nhondhani214.doc,Normal_nir_nhondhani215.doc,Normal_nir_nhondhani216.doc,Normal_nir_nhondhani217.doc,Normal_nir_nhondhani218.doc,Normal_nir_nhondhani219.doc,Normal_nir_nhondhani22.doc,Normal_nir_nhondhani220.doc,Normal_nir_nhondhani221.doc,Normal_nir_nhondhani222.doc,Normal_nir_nhondhani223.doc,Normal_nir_nhondhani224.doc,Normal_nir_nhondhani225.doc,Normal_nir_nhondhani23.doc,Normal_nir_nhondhani24.doc,Normal_nir_nhondhani25.doc,Normal_nir_nhondhani26.doc,Normal_nir_nhondhani27.doc,Normal_nir_nhondhani28.doc,Normal_nir_nhondhani29.doc,Normal_nir_nhondhani3.doc,Normal_nir_nhondhani30.doc,Normal_nir_nhondhani31.doc,Normal_nir_nhondhani32.doc,Normal_nir_nhondhani33.doc,Normal_nir_nhondhani34.doc,Normal_nir_nhondhani35.doc,Normal_nir_nhondhani36.doc,Normal_nir_nhondhani37.doc,Normal_nir_nhondhani38.doc,Normal_nir_nhondhani39.doc,Normal_nir_nhondhani4.doc,Normal_nir_nhondhani40.doc,Normal_nir_nhondhani41.doc,Normal_nir_nhondhani42.doc,Normal_nir_nhondhani43.doc,Normal_nir_nhondhani44.doc,Normal_nir_nhondhani45.doc,Normal_nir_nhondhani46.doc,Normal_nir_nhondhani47.doc,Normal_nir_nhondhani48.doc,Normal_nir_nhondhani49.doc,Normal_nir_nhondhani5.doc,Normal_nir_nhondhani50.doc,Normal_nir_nhondhani51.doc,Normal_nir_nhondhani52.doc,Normal_nir_nhondhani53.doc,Normal_nir_nhondhani54.doc,Normal_nir_nhondhani55.doc,Normal_nir_nhondhani56.doc,Normal_nir_nhondhani57.doc,Normal_nir_nhondhani58.doc,Normal_nir_nhondhani59.doc,Normal_nir_nhondhani6.doc,Normal_nir_nhondhani60.doc,Normal_nir_nhondhani61.doc,Normal_nir_nhondhani62.doc,Normal_nir_nhondhani63.doc,Normal_nir_nhondhani64.doc,Normal_nir_nhondhani65.doc,Normal_nir_nhondhani66.doc,Normal_nir_nhondhani67.doc,Normal_nir_nhondhani68.doc,Normal_nir_nhondhani69.doc,Normal_nir_nhondhani7.doc,Normal_nir_nhondhani70.doc,Normal_nir_nhondhani71.doc,Normal_nir_nhondhani72.doc,Normal_nir_nhondhani73.doc,Normal_nir_nhondhani74.doc,Normal_nir_nhondhani75.doc,Normal_nir_nhondhani76.doc,Normal_nir_nhondhani77.doc,Normal_nir_nhondhani78.doc,Normal_nir_nhondhani79.doc,Normal_nir_nhondhani8.doc,Normal_nir_nhondhani80.doc,Normal_nir_nhondhani81.doc,Normal_nir_nhondhani82.doc,Normal_nir_nhondhani83.doc,Normal_nir_nhondhani84.doc,Normal_nir_nhondhani85.doc,Normal_nir_nhondhani86.doc,Normal_nir_nhondhani87.doc,Normal_nir_nhondhani88.doc,Normal_nir_nhondhani89.doc,Normal_nir_nhondhani9.doc,Normal_nir_nhondhani90.doc,Normal_nir_nhondhani91.doc,Normal_nir_nhondhani92.doc,Normal_nir_nhondhani93.doc,Normal_nir_nhondhani94.doc,Normal_nir_nhondhani95.doc,Normal_nir_nhondhani96.doc,Normal_nir_nhondhani97.doc,Normal_nir_nhondhani98.doc,Normal_nir_nhondhani99.doc
1,0.0,3.571428571428571,1.4814814814814816,4.25531914893617,0.0,0.0,3.225806451612903,2.083333333333333,0.0,0.0,0.8264462809917356,0.0,0.0,2.941176470588235,2.197802197802198,1.9417475728155338,0.0,8.98876404494382,1.3333333333333335,0.0,2.9850746268656714,0.0,21.951219512195124,0.0,5.714285714285714,2.380952380952381,3.076923076923077,0.0,4.3478260869565215,0.0,6.25,4.6875,2.877697841726619,0.0,3.4782608695652173,1.5625,0.0,0.0,0.6896551724137931,0.6756756756756757,5.172413793103448,0.0,1.3333333333333335,0.0,2.586206896551724,0.5319148936170213,4.761904761904762,1.36986301369863,0.0,1.4925373134328357,12.676056338028168,9.836065573770492,0.0,3.1746031746031744,10.294117647058822,1.1173184357541899,0.0,0.0,1.2195121951219512,2.127659574468085,5.172413793103448,0.0,1.694915254237288,3.7735849056603774,0.0,0.0,0.0,0.0,0.0,1.4705882352941175,0.0,0.0,1.8633540372670807,1.639344262295082,5.88235294117647,1.1235955056179776,1.89873417721519,2.898550724637681,2.5236593059936907,2.7027027027027026,0.7142857142857143,0.0,0.0,0.9803921568627451,0.0,0.0,0.0,0.0,0.0,1.6260162601626018,1.0526315789473684,0.0,0.0,0.0,3.9473684210526314,1.6260162601626018,2.4390243902439024,0.0,0.0,0.0,0.0,1.639344262295082,0.0,10.0,3.260869565217391,0.0,0.0,0.0,33.33333333333333,1.25,3.260869565217391,0.23148148148148145,0.0,0.0,0.0,0.0,0.0,2.3529411764705883,8.571428571428571,0.7407407407407408,3.1746031746031744,1.0,0.0,5.88235294117647,4.25531914893617,0.0,1.3513513513513513,1.2269938650306749,0.6024096385542169,3.571428571428571,2.1505376344086025,1.4851485148514851,0.0,3.0303030303030303,1.1363636363636365,2.564102564102564,1.3157894736842104,2.803738317757009,0.0,0.0,0.0,0.0,4.545454545454546,0.0,0.0,0.8547008547008548,1.3888888888888888,0.0,0.0,0.0,0.0,0.0,1.0638297872340425,0.0,6.0606060606060606,0.0,7.5,1.5384615384615385,2.7777777777777777,0.24813895781637718,1.0752688172043012,2.941176470588235,0.0,6.25,3.0303030303030303,0.9803921568627451,0.9345794392523363,1.694915254237288,0.0,1.8691588785046727,3.041825095057034,4.081632653061225,4.25531914893617,0.851063829787234,9.67741935483871,0.0,0.0,2.631578947368421,1.3888888888888888,2.941176470588235,0.0,9.090909090909092,0.0,0.0,4.938271604938271,0.0,2.0,0.0,0.0,2.4242424242424243,0.0,10.76923076923077,0.0,25.806451612903224,0.0,2.1739130434782608,0.0,0.0,2.5806451612903225,12.727272727272727,0.0,9.770114942528735,4.285714285714286,0.0,0.0,1.8181818181818181,2.1739130434782608,3.8461538461538463,12.903225806451612,0.0,0.0,0.5586592178770949,2.3255813953488373,2.2222222222222223,0.0,0.0,2.4,7.894736842105263,0.0,3.225806451612903,0.0,0.0,6.349206349206349,2.631578947368421,1.3605442176870748
2,0.0,2.272727272727273,3.7037037037037033,7.446808510638298,8.333333333333332,8.823529411764707,3.225806451612903,2.083333333333333,0.0,0.0,1.6528925619834711,3.1578947368421053,0.0,2.941176470588235,4.395604395604396,4.854368932038835,0.0,7.865168539325842,4.0,2.127659574468085,0.0,0.0,0.0,5.88235294117647,1.4285714285714286,0.0,6.153846153846154,0.0,0.0,0.0,0.0,1.5625,8.633093525179856,1.1363636363636365,1.7391304347826086,3.125,3.488372093023256,6.666666666666667,2.7586206896551726,1.3513513513513513,1.7241379310344827,3.488372093023256,6.666666666666667,0.0,2.586206896551724,3.723404255319149,0.0,2.73972602739726,4.6875,8.955223880597014,2.8169014084507045,0.0,1.639344262295082,0.0,1.4705882352941175,6.70391061452514,6.299212598425196,6.741573033707865,4.878048780487805,6.382978723404255,3.4482758620689653,5.0,5.084745762711865,5.660377358490567,4.49438202247191,3.389830508474576,12.0,0.0,0.0,16.176470588235293,4.0,0.9174311926605505,9.316770186335404,1.639344262295082,1.4705882352941175,0.0,1.89873417721519,0.0,7.886435331230284,5.405405405405405,5.714285714285714,0.0,0.0,5.88235294117647,3.6231884057971016,2.272727272727273,0.0,1.6129032258064515,0.0,1.6260162601626018,3.1578947368421053,0.0,6.976744186046512,2.4390243902439024,3.9473684210526314,2.4390243902439024,3.6585365853658534,2.3255813953488373,1.3333333333333335,0.0,0.0,3.278688524590164,0.0,20.0,3.260869565217391,0.0,0.0,2.7027027027027026,0.0,3.75,6.521739130434782,1.6203703703703702,4.444444444444445,0.0,0.0,0.0,5.128205128205128,4.705882352941177,5.714285714285714,1.4814814814814816,6.349206349206349,2.5,6.25,0.0,6.382978723404255,1.4925373134328357,5.405405405405405,1.8404907975460123,5.421686746987952,4.166666666666666,1.0752688172043012,3.9603960396039604,0.0,0.0,4.545454545454546,3.418803418803419,2.631578947368421,4.672897196261682,1.7857142857142856,0.0,1.5151515151515151,0.0,13.636363636363635,2.1739130434782608,3.0303030303030303,2.564102564102564,0.0,3.8461538461538463,1.5625,1.7045454545454544,0.0,6.349206349206349,11.702127659574469,2.5380710659898478,6.8181818181818175,0.0,2.5,3.8461538461538463,8.333333333333332,4.218362282878412,4.301075268817205,5.88235294117647,2.083333333333333,0.0,4.545454545454546,3.9215686274509802,6.5420560747663545,8.47457627118644,0.0,2.803738317757009,2.2813688212927756,6.122448979591836,0.0,2.553191489361702,0.0,3.3333333333333335,3.4482758620689653,0.0,2.7777777777777777,5.88235294117647,0.0,9.090909090909092,5.660377358490567,0.0,0.0,1.0416666666666665,2.0,0.0,1.1363636363636365,6.0606060606060606,1.8072289156626504,1.5384615384615385,1.1494252873563218,3.225806451612903,4.201680672268908,4.3478260869565215,4.545454545454546,15.555555555555555,1.2903225806451613,7.2727272727272725,5.555555555555555,1.1494252873563218,2.142857142857143,0.0,1.25,3.6363636363636362,0.0,5.128205128205128,9.67741935483871,0.0,6.779661016949152,1.1173184357541899,2.3255813953488373,0.0,3.7037037037037033,1.7543859649122806,1.6,2.631578947368421,0.0,0.0,1.4492753623188406,0.0,1.5873015873015872,2.631578947368421,1.3605442176870748
3,3.0303030303030303,6.1688311688311686,2.2222222222222223,7.446808510638298,2.7777777777777777,2.941176470588235,6.451612903225806,8.333333333333332,25.925925925925924,1.639344262295082,5.785123966942149,1.0526315789473684,6.363636363636363,2.941176470588235,7.6923076923076925,2.912621359223301,3.571428571428571,5.617977528089887,4.0,7.446808510638298,2.9850746268656714,0.0,2.4390243902439024,5.88235294117647,14.285714285714285,0.0,4.615384615384616,0.0,4.3478260869565215,0.0,0.0,7.8125,9.352517985611511,5.681818181818182,1.7391304347826086,10.9375,1.1627906976744187,22.22222222222222,5.517241379310345,7.4324324324324325,3.4482758620689653,4.651162790697675,18.666666666666668,6.329113924050633,5.172413793103448,4.787234042553192,9.523809523809524,6.8493150684931505,3.125,8.955223880597014,0.0,4.918032786885246,4.918032786885246,1.5873015873015872,5.88235294117647,15.083798882681565,6.299212598425196,8.98876404494382,7.317073170731707,10.638297872340425,5.172413793103448,12.5,8.47457627118644,1.8867924528301887,10.112359550561797,0.0,0.0,0.0,6.382978723404255,2.941176470588235,0.0,0.9174311926605505,9.937888198757763,6.557377049180328,4.411764705882353,0.0,4.430379746835443,7.246376811594203,5.3627760252365935,2.7027027027027026,5.0,2.4390243902439024,0.0,8.823529411764707,5.072463768115942,11.363636363636363,0.0,0.0,11.538461538461538,11.38211382113821,8.947368421052632,3.225806451612903,6.976744186046512,7.317073170731707,9.210526315789473,8.130081300813007,3.6585365853658534,0.0,1.3333333333333335,0.0,0.0,4.918032786885246,0.0,0.0,8.695652173913043,0.0,0.0,2.7027027027027026,16.666666666666664,2.5,7.608695652173914,8.564814814814815,3.5555555555555554,0.0,4.054054054054054,7.6923076923076925,5.128205128205128,10.588235294117647,8.571428571428571,6.666666666666667,6.349206349206349,7.000000000000001,6.25,8.823529411764707,8.51063829787234,4.477611940298507,9.45945945945946,12.883435582822086,7.228915662650602,5.357142857142857,8.60215053763441,5.9405940594059405,0.0,3.0303030303030303,6.8181818181818175,2.564102564102564,8.552631578947368,5.607476635514018,7.142857142857142,3.389830508474576,9.090909090909092,2.380952380952381,12.121212121212121,2.1739130434782608,6.0606060606060606,6.837606837606838,6.944444444444445,8.284023668639055,4.6875,5.113636363636364,5.0,4.761904761904762,9.574468085106384,6.091370558375635,13.636363636363635,0.0,12.5,12.307692307692308,2.7777777777777777,9.925558312655088,7.526881720430108,0.0,2.083333333333333,0.0,8.333333333333332,8.823529411764707,7.476635514018691,3.389830508474576,22.22222222222222,1.8691588785046727,4.182509505703422,10.204081632653061,8.51063829787234,5.957446808510639,0.0,3.3333333333333335,1.7241379310344827,2.631578947368421,6.944444444444445,8.823529411764707,0.0,12.121212121212121,5.660377358490567,7.5,1.2345679012345678,5.208333333333334,4.0,2.877697841726619,3.4090909090909087,9.090909090909092,4.216867469879518,4.615384615384616,4.597701149425287,9.67741935483871,6.722689075630252,5.434782608695652,9.090909090909092,17.77777777777778,7.096774193548387,14.545454545454545,0.0,9.195402298850574,5.0,9.75609756097561,5.0,0.0,2.1739130434782608,11.538461538461538,0.0,10.606060606060606,5.084745762711865,4.4692737430167595,4.651162790697675,4.444444444444445,6.172839506172839,4.678362573099415,6.4,2.631578947368421,2.564102564102564,9.67741935483871,5.797101449275362,1.4492753623188406,0.0,3.9473684210526314,2.7210884353741496
4,9.090909090909092,11.363636363636363,8.148148148148149,10.638297872340425,2.7777777777777777,8.823529411764707,0.0,4.166666666666666,3.7037037037037033,4.918032786885246,10.743801652892563,13.684210526315791,10.0,7.352941176470589,9.89010989010989,3.8834951456310676,1.7857142857142856,11.235955056179774,5.333333333333334,4.25531914893617,7.462686567164178,8.0,2.4390243902439024,17.647058823529413,10.0,7.142857142857142,3.076923076923077,5.263157894736842,0.0,10.714285714285714,6.25,14.0625,10.071942446043165,9.090909090909092,0.8695652173913043,9.375,8.13953488372093,13.333333333333334,8.275862068965518,7.4324324324324325,5.172413793103448,12.790697674418606,17.333333333333336,18.9873417721519,9.482758620689655,11.170212765957446,7.142857142857142,12.32876712328767,7.8125,5.970149253731343,2.8169014084507045,9.836065573770492,14.754098360655737,3.1746031746031744,2.941176470588235,12.849162011173185,10.236220472440944,6.741573033707865,14.634146341463413,8.51063829787234,20.689655172413794,10.0,11.864406779661017,0.0,13.48314606741573,8.47457627118644,4.0,25.0,8.51063829787234,4.411764705882353,6.0,10.091743119266056,13.043478260869565,8.19672131147541,14.705882352941178,1.1235955056179776,12.025316455696203,13.043478260869565,7.886435331230284,8.108108108108109,9.285714285714286,4.878048780487805,7.4074074074074066,17.647058823529413,10.144927536231885,9.090909090909092,0.0,11.29032258064516,0.0,12.195121951219512,6.842105263157896,3.225806451612903,9.30232558139535,9.75609756097561,6.578947368421052,9.75609756097561,14.634146341463413,4.651162790697675,5.333333333333334,0.0,3.3333333333333335,6.557377049180328,5.555555555555555,0.0,7.608695652173914,0.0,0.0,8.108108108108109,0.0,7.5,9.782608695652174,11.342592592592593,5.333333333333334,0.0,8.108108108108109,3.8461538461538463,11.538461538461538,10.588235294117647,5.714285714285714,6.666666666666667,7.936507936507936,15.0,12.5,8.823529411764707,6.382978723404255,10.44776119402985,9.45945945945946,10.429447852760736,7.228915662650602,14.285714285714285,12.903225806451612,9.405940594059405,2.272727272727273,6.0606060606060606,11.363636363636363,3.418803418803419,12.5,7.476635514018691,5.357142857142857,5.084745762711865,10.606060606060606,4.761904761904762,22.727272727272727,8.695652173913043,9.090909090909092,8.547008547008547,8.333333333333332,11.834319526627219,6.25,10.227272727272728,8.0,7.936507936507936,9.574468085106384,14.213197969543149,11.363636363636363,7.4074074074074066,12.5,10.76923076923077,5.555555555555555,13.151364764267989,6.451612903225806,2.941176470588235,2.083333333333333,0.0,8.333333333333332,9.803921568627452,9.345794392523365,13.559322033898304,11.11111111111111,3.7383177570093453,8.745247148288973,16.3265306122449,2.127659574468085,8.936170212765958,3.225806451612903,0.0,3.4482758620689653,3.9473684210526314,6.944444444444445,8.823529411764707,2.857142857142857,9.090909090909092,7.547169811320755,7.5,7.4074074074074066,4.166666666666666,16.0,7.194244604316546,5.681818181818182,11.515151515151516,4.819277108433735,4.615384615384616,3.4482758620689653,6.451612903225806,10.084033613445378,9.782608695652174,4.545454545454546,11.11111111111111,7.741935483870968,7.2727272727272725,0.0,12.068965517241379,7.857142857142857,4.878048780487805,7.5,1.8181818181818181,5.434782608695652,7.6923076923076925,9.67741935483871,9.090909090909092,11.864406779661017,7.82122905027933,6.976744186046512,11.11111111111111,4.938271604938271,7.017543859649122,10.4,2.631578947368421,6.41025641025641,9.67741935483871,7.246376811594203,5.797101449275362,3.1746031746031744,1.3157894736842104,3.4013605442176873
5,9.090909090909092,12.012987012987013,15.555555555555555,10.638297872340425,5.555555555555555,2.941176470588235,3.225806451612903,8.333333333333332,22.22222222222222,6.557377049180328,9.090909090909092,8.421052631578947,12.727272727272727,8.823529411764707,10.989010989010989,7.766990291262135,1.7857142857142856,5.617977528089887,10.666666666666668,10.638297872340425,2.9850746268656714,8.0,12.195121951219512,5.88235294117647,7.142857142857142,2.380952380952381,7.6923076923076925,10.526315789473683,17.391304347826086,5.357142857142857,12.5,10.9375,11.510791366906476,6.8181818181818175,13.043478260869565,7.8125,6.976744186046512,17.77777777777778,13.10344827586207,11.486486486486488,15.517241379310345,8.13953488372093,12.0,10.126582278481013,10.344827586206897,11.170212765957446,9.523809523809524,10.95890410958904,3.125,13.432835820895523,5.633802816901409,11.475409836065573,9.836065573770492,15.873015873015872,10.294117647058822,11.731843575418994,10.236220472440944,7.865168539325842,10.975609756097562,6.382978723404255,3.4482758620689653,17.5,15.254237288135593,11.320754716981133,6.741573033707865,5.084745762711865,8.0,12.5,8.51063829787234,4.411764705882353,8.0,9.174311926605505,14.906832298136646,13.114754098360656,8.823529411764707,6.741573033707865,15.18987341772152,10.144927536231885,11.67192429022082,2.7027027027027026,12.142857142857142,7.317073170731707,7.4074074074074066,11.76470588235294,13.043478260869565,6.8181818181818175,14.285714285714285,12.903225806451612,7.6923076923076925,9.75609756097561,18.421052631578945,6.451612903225806,13.953488372093023,12.195121951219512,15.789473684210526,10.569105691056912,14.634146341463413,9.30232558139535,9.333333333333334,28.57142857142857,6.666666666666667,13.114754098360656,5.555555555555555,0.0,13.043478260869565,0.0,0.0,10.81081081081081,0.0,8.75,8.695652173913043,15.277777777777779,12.0,0.0,6.756756756756757,19.230769230769234,5.128205128205128,9.411764705882353,2.857142857142857,16.296296296296298,12.698412698412698,13.0,0.0,0.0,13.829787234042554,10.44776119402985,12.162162162162163,5.521472392638037,7.83132530120482,13.690476190476192,17.20430107526882,7.920792079207921,13.636363636363635,9.090909090909092,12.5,11.11111111111111,10.526315789473683,14.953271028037381,12.5,10.16949152542373,7.575757575757576,7.142857142857142,13.636363636363635,10.869565217391305,7.575757575757576,13.675213675213676,6.944444444444445,14.792899408284024,10.9375,13.636363636363635,9.0,6.349206349206349,6.382978723404255,16.751269035532996,9.090909090909092,11.11111111111111,5.0,18.461538461538463,11.11111111111111,14.888337468982629,10.75268817204301,5.88235294117647,2.083333333333333,0.0,9.090909090909092,10.784313725490197,12.149532710280374,11.864406779661017,0.0,7.476635514018691,12.927756653992395,8.16326530612245,14.893617021276595,8.51063829787234,9.67741935483871,6.666666666666667,8.620689655172415,10.526315789473683,9.027777777777777,8.823529411764707,5.714285714285714,12.121212121212121,9.433962264150944,10.0,13.580246913580247,8.333333333333332,8.0,4.316546762589928,9.090909090909092,14.545454545454545,13.253012048192772,6.153846153846154,9.195402298850574,6.451612903225806,8.403361344537815,10.869565217391305,9.090909090909092,15.555555555555555,11.612903225806452,9.090909090909092,0.0,11.494252873563218,10.714285714285714,2.4390243902439024,6.25,5.454545454545454,7.608695652173914,7.6923076923076925,12.903225806451612,13.636363636363635,11.864406779661017,9.497206703910614,2.3255813953488373,4.444444444444445,4.938271604938271,8.771929824561402,8.799999999999999,0.0,8.974358974358974,6.451612903225806,8.695652173913043,2.898550724637681,12.698412698412698,5.263157894736842,8.843537414965986
6,8.080808080808081,12.337662337662337,7.4074074074074066,7.446808510638298,8.333333333333332,5.88235294117647,19.35483870967742,10.416666666666668,11.11111111111111,11.475409836065573,9.917355371900827,9.473684210526317,7.2727272727272725,13.23529411764706,10.989010989010989,10.679611650485436,7.142857142857142,16.853932584269664,5.333333333333334,7.446808510638298,8.955223880597014,8.0,2.4390243902439024,8.823529411764707,4.285714285714286,4.761904761904762,6.153846153846154,10.526315789473683,13.043478260869565,10.714285714285714,12.5,18.75,11.510791366906476,5.681818181818182,14.782608695652174,10.9375,9.30232558139535,4.444444444444445,13.10344827586207,14.864864864864865,10.344827586206897,6.976744186046512,17.333333333333336,10.126582278481013,8.620689655172415,11.170212765957446,9.523809523809524,12.32876712328767,7.8125,8.955223880597014,5.633802816901409,13.114754098360656,18.0327868852459,9.523809523809524,5.88235294117647,13.40782122905028,9.448818897637794,10.112359550561797,15.853658536585366,4.25531914893617,6.896551724137931,15.0,1.694915254237288,7.547169811320755,7.865168539325842,6.779661016949152,8.0,6.25,8.51063829787234,2.941176470588235,22.0,12.844036697247708,12.422360248447205,24.59016393442623,11.76470588235294,8.98876404494382,13.924050632911392,10.144927536231885,11.67192429022082,10.81081081081081,10.714285714285714,17.073170731707318,11.11111111111111,14.705882352941178,16.666666666666664,9.090909090909092,4.761904761904762,6.451612903225806,11.538461538461538,13.821138211382115,12.105263157894736,3.225806451612903,13.953488372093023,4.878048780487805,5.263157894736842,11.38211382113821,15.853658536585366,6.976744186046512,5.333333333333334,0.0,0.0,11.475409836065573,12.5,20.0,8.695652173913043,0.0,0.0,5.405405405405405,0.0,11.25,9.782608695652174,13.425925925925927,9.333333333333334,0.0,2.7027027027027026,15.384615384615385,5.128205128205128,7.0588235294117645,8.571428571428571,11.851851851851853,7.936507936507936,13.0,6.25,5.88235294117647,9.574468085106384,10.44776119402985,6.756756756756757,20.245398773006134,9.63855421686747,10.714285714285714,12.903225806451612,11.386138613861387,11.363636363636363,9.090909090909092,15.909090909090908,11.11111111111111,13.157894736842104,11.214953271028037,12.5,5.084745762711865,7.575757575757576,9.523809523809524,4.545454545454546,8.695652173913043,0.0,9.401709401709402,6.944444444444445,10.946745562130179,12.5,11.363636363636363,12.0,6.349206349206349,4.25531914893617,14.213197969543149,12.878787878787879,5.555555555555555,7.5,11.538461538461538,8.333333333333332,11.662531017369728,6.451612903225806,5.88235294117647,12.5,0.0,12.121212121212121,12.745098039215685,6.5420560747663545,6.779661016949152,11.11111111111111,6.5420560747663545,9.505703422053232,6.122448979591836,0.0,11.063829787234042,4.838709677419355,3.3333333333333335,6.896551724137931,9.210526315789473,15.972222222222221,5.88235294117647,5.714285714285714,9.090909090909092,5.660377358490567,20.0,8.641975308641975,5.208333333333334,10.0,6.474820143884892,13.636363636363635,13.333333333333334,10.240963855421686,6.153846153846154,8.045977011494253,9.67741935483871,10.084033613445378,9.782608695652174,13.636363636363635,6.666666666666667,13.548387096774196,5.454545454545454,16.666666666666664,10.344827586206897,10.0,9.75609756097561,3.75,3.6363636363636362,8.695652173913043,11.538461538461538,6.451612903225806,12.121212121212121,11.864406779661017,12.290502793296088,2.3255813953488373,2.2222222222222223,2.4691358024691357,7.602339181286549,8.799999999999999,5.263157894736842,10.256410256410255,6.451612903225806,5.797101449275362,7.246376811594203,15.873015873015872,9.210526315789473,2.0408163265306123
7,7.07070707070707,9.415584415584416,13.333333333333334,8.51063829787234,5.555555555555555,0.0,12.903225806451612,16.666666666666664,3.7037037037037033,9.836065573770492,14.049586776859504,9.473684210526317,8.181818181818182,10.294117647058822,6.593406593406594,8.737864077669903,5.357142857142857,7.865168539325842,9.333333333333334,10.638297872340425,14.925373134328357,20.0,12.195121951219512,17.647058823529413,5.714285714285714,16.666666666666664,4.615384615384616,10.526315789473683,13.043478260869565,3.571428571428571,6.25,14.0625,10.79136690647482,9.090909090909092,9.565217391304348,12.5,9.30232558139535,11.11111111111111,9.655172413793103,12.162162162162163,6.896551724137931,10.465116279069768,10.666666666666668,12.658227848101266,8.620689655172415,11.170212765957446,7.142857142857142,6.8493150684931505,6.25,10.44776119402985,8.450704225352112,13.114754098360656,3.278688524590164,6.349206349206349,14.705882352941178,10.05586592178771,7.874015748031496,11.235955056179774,8.536585365853659,2.127659574468085,5.172413793103448,5.0,11.864406779661017,7.547169811320755,4.49438202247191,11.864406779661017,8.0,18.75,4.25531914893617,4.411764705882353,10.0,4.587155963302752,8.695652173913043,9.836065573770492,7.352941176470589,3.3707865168539324,7.59493670886076,7.246376811594203,14.195583596214512,16.216216216216218,12.857142857142856,14.634146341463413,7.4074074074074066,6.862745098039216,9.420289855072465,11.363636363636363,4.761904761904762,9.67741935483871,23.076923076923077,5.691056910569105,6.315789473684211,9.67741935483871,9.30232558139535,4.878048780487805,3.9473684210526314,11.38211382113821,10.975609756097562,9.30232558139535,9.333333333333334,0.0,10.0,8.19672131147541,9.722222222222223,10.0,10.869565217391305,14.285714285714285,20.0,16.216216216216218,0.0,2.5,10.869565217391305,10.87962962962963,9.777777777777779,0.0,12.162162162162163,7.6923076923076925,16.666666666666664,8.235294117647058,8.571428571428571,8.148148148148149,9.523809523809524,11.0,25.0,8.823529411764707,9.574468085106384,11.940298507462686,10.135135135135135,7.361963190184049,15.060240963855422,6.547619047619048,7.526881720430108,10.396039603960396,4.545454545454546,12.121212121212121,7.954545454545454,6.837606837606838,11.18421052631579,10.2803738317757,16.071428571428573,5.084745762711865,12.121212121212121,9.523809523809524,9.090909090909092,8.695652173913043,6.0606060606060606,11.965811965811966,2.7777777777777777,9.763313609467456,3.125,10.227272727272728,8.0,3.1746031746031744,10.638297872340425,10.65989847715736,9.090909090909092,5.555555555555555,2.5,5.384615384615385,5.555555555555555,13.399503722084367,11.827956989247312,11.76470588235294,6.25,6.25,10.606060606060606,7.8431372549019605,11.214953271028037,3.389830508474576,11.11111111111111,6.5420560747663545,11.406844106463879,4.081632653061225,4.25531914893617,5.957446808510639,8.064516129032258,6.666666666666667,8.620689655172415,13.157894736842104,10.416666666666668,8.823529411764707,14.285714285714285,9.090909090909092,3.7735849056603774,12.5,11.11111111111111,7.291666666666667,4.0,6.474820143884892,10.227272727272728,9.090909090909092,9.036144578313253,7.6923076923076925,9.195402298850574,6.451612903225806,13.445378151260504,8.695652173913043,9.090909090909092,2.2222222222222223,10.32258064516129,10.909090909090908,0.0,10.344827586206897,9.285714285714286,4.878048780487805,13.750000000000002,12.727272727272727,11.956521739130435,5.128205128205128,9.67741935483871,6.0606060606060606,6.779661016949152,9.497206703910614,2.3255813953488373,6.666666666666667,4.938271604938271,8.771929824561402,6.4,7.894736842105263,10.256410256410255,6.451612903225806,8.695652173913043,4.3478260869565215,4.761904761904762,11.842105263157894,8.16326530612245
8,8.080808080808081,10.38961038961039,12.592592592592592,5.319148936170213,11.11111111111111,11.76470588235294,16.129032258064516,6.25,7.4074074074074066,11.475409836065573,8.264462809917356,6.315789473684211,10.0,8.823529411764707,7.6923076923076925,7.766990291262135,7.142857142857142,7.865168539325842,2.666666666666667,7.446808510638298,11.940298507462686,16.0,4.878048780487805,14.705882352941178,2.857142857142857,9.523809523809524,12.307692307692308,5.263157894736842,8.695652173913043,7.142857142857142,6.25,6.25,7.913669064748201,6.8181818181818175,6.956521739130435,9.375,5.813953488372093,8.88888888888889,6.206896551724138,8.783783783783784,5.172413793103448,8.13953488372093,2.666666666666667,15.18987341772152,8.620689655172415,6.382978723404255,14.285714285714285,10.95890410958904,12.5,11.940298507462686,8.450704225352112,4.918032786885246,9.836065573770492,9.523809523809524,4.411764705882353,6.145251396648044,9.448818897637794,10.112359550561797,9.75609756097561,17.02127659574468,13.793103448275861,12.5,5.084745762711865,1.8867924528301887,6.741573033707865,8.47457627118644,8.0,6.25,6.382978723404255,8.823529411764707,6.0,11.009174311926607,7.453416149068323,8.19672131147541,4.411764705882353,11.235955056179774,8.227848101265822,5.797101449275362,7.570977917981073,8.108108108108109,10.714285714285714,9.75609756097561,0.0,8.823529411764707,9.420289855072465,9.090909090909092,9.523809523809524,6.451612903225806,11.538461538461538,8.130081300813007,4.736842105263158,3.225806451612903,11.627906976744185,12.195121951219512,7.894736842105263,9.75609756097561,3.6585365853658534,9.30232558139535,14.666666666666666,14.285714285714285,10.0,4.918032786885246,5.555555555555555,10.0,8.695652173913043,0.0,0.0,10.81081081081081,0.0,11.25,10.869565217391305,10.87962962962963,9.333333333333334,60.0,12.162162162162163,7.6923076923076925,7.6923076923076925,8.235294117647058,2.857142857142857,6.666666666666667,7.936507936507936,9.0,6.25,11.76470588235294,5.319148936170213,7.462686567164178,12.837837837837837,5.521472392638037,10.240963855421686,13.690476190476192,9.67741935483871,6.9306930693069315,9.090909090909092,0.0,9.090909090909092,11.11111111111111,6.578947368421052,9.345794392523365,14.285714285714285,6.779661016949152,9.090909090909092,11.904761904761903,3.0303030303030303,2.1739130434782608,10.606060606060606,7.6923076923076925,4.166666666666666,10.355029585798817,12.5,9.090909090909092,9.0,6.349206349206349,10.638297872340425,4.568527918781726,9.848484848484848,11.11111111111111,10.0,9.230769230769232,5.555555555555555,9.181141439205955,11.827956989247312,2.941176470588235,6.25,12.5,9.090909090909092,8.823529411764707,10.2803738317757,11.864406779661017,11.11111111111111,12.149532710280374,6.4638783269961975,14.285714285714285,12.76595744680851,11.914893617021278,16.129032258064516,3.3333333333333335,10.344827586206897,6.578947368421052,8.333333333333332,10.294117647058822,8.571428571428571,6.0606060606060606,3.7735849056603774,2.5,3.7037037037037033,7.291666666666667,14.000000000000002,7.194244604316546,12.5,6.0606060606060606,11.44578313253012,7.6923076923076925,5.747126436781609,9.67741935483871,4.201680672268908,7.608695652173914,4.545454545454546,6.666666666666667,9.67741935483871,5.454545454545454,5.555555555555555,7.471264367816093,9.285714285714286,7.317073170731707,10.0,7.2727272727272725,6.521739130434782,2.564102564102564,12.903225806451612,9.090909090909092,1.694915254237288,10.05586592178771,6.976744186046512,13.333333333333334,14.814814814814813,8.187134502923977,11.200000000000001,7.894736842105263,15.384615384615385,6.451612903225806,5.797101449275362,10.144927536231885,11.11111111111111,11.842105263157894,8.16326530612245
9,11.11111111111111,7.792207792207792,3.7037037037037033,3.1914893617021276,5.555555555555555,8.823529411764707,6.451612903225806,8.333333333333332,0.0,6.557377049180328,4.958677685950414,6.315789473684211,10.0,8.823529411764707,2.197802197802198,8.737864077669903,7.142857142857142,5.617977528089887,4.0,10.638297872340425,7.462686567164178,4.0,0.0,2.941176470588235,4.285714285714286,14.285714285714285,13.846153846153847,10.526315789473683,4.3478260869565215,16.071428571428573,12.5,4.6875,9.352517985611511,3.4090909090909087,6.086956521739131,7.8125,11.627906976744185,4.444444444444445,10.344827586206897,6.756756756756757,5.172413793103448,4.651162790697675,5.333333333333334,5.063291139240507,7.758620689655173,7.446808510638298,14.285714285714285,9.58904109589041,6.25,2.9850746268656714,2.8169014084507045,6.557377049180328,9.836065573770492,4.761904761904762,7.352941176470589,6.70391061452514,7.874015748031496,8.98876404494382,7.317073170731707,4.25531914893617,3.4482758620689653,7.5,3.389830508474576,3.7735849056603774,8.98876404494382,6.779661016949152,4.0,6.25,19.148936170212767,13.23529411764706,6.0,9.174311926605505,6.832298136645963,4.918032786885246,8.823529411764707,8.98876404494382,9.49367088607595,8.695652173913043,5.993690851735016,5.405405405405405,7.857142857142857,7.317073170731707,3.7037037037037033,2.941176470588235,5.797101449275362,11.363636363636363,23.809523809523807,9.67741935483871,11.538461538461538,5.691056910569105,7.894736842105263,12.903225806451612,2.3255813953488373,7.317073170731707,7.894736842105263,7.317073170731707,4.878048780487805,11.627906976744185,13.333333333333334,14.285714285714285,3.3333333333333335,8.19672131147541,13.88888888888889,0.0,9.782608695652174,0.0,0.0,5.405405405405405,0.0,5.0,5.434782608695652,5.555555555555555,8.0,0.0,6.756756756756757,7.6923076923076925,6.41025641025641,8.235294117647058,5.714285714285714,5.9259259259259265,6.349206349206349,10.0,6.25,17.647058823529413,8.51063829787234,13.432835820895523,3.3783783783783785,7.975460122699387,10.240963855421686,6.547619047619048,2.1505376344086025,6.9306930693069315,9.090909090909092,12.121212121212121,5.681818181818182,10.256410256410255,6.578947368421052,7.476635514018691,5.357142857142857,10.16949152542373,6.0606060606060606,7.142857142857142,3.0303030303030303,4.3478260869565215,12.121212121212121,9.401709401709402,6.944444444444445,5.029585798816568,7.8125,3.977272727272727,12.0,3.1746031746031744,9.574468085106384,10.65989847715736,3.0303030303030303,7.4074074074074066,2.5,6.153846153846154,0.0,4.218362282878412,5.376344086021505,2.941176470588235,4.166666666666666,6.25,6.8181818181818175,9.803921568627452,4.672897196261682,0.0,0.0,10.2803738317757,8.365019011406844,4.081632653061225,4.25531914893617,9.787234042553191,4.838709677419355,10.0,8.620689655172415,13.157894736842104,7.638888888888889,2.941176470588235,5.714285714285714,9.090909090909092,13.20754716981132,7.5,9.876543209876543,11.458333333333332,4.0,10.79136690647482,7.954545454545454,8.484848484848486,6.024096385542169,9.230769230769232,8.045977011494253,0.0,4.201680672268908,1.0869565217391304,13.636363636363635,0.0,3.870967741935484,7.2727272727272725,0.0,9.195402298850574,7.857142857142857,4.878048780487805,8.75,7.2727272727272725,7.608695652173914,2.564102564102564,3.225806451612903,12.121212121212121,8.47457627118644,6.145251396648044,6.976744186046512,6.666666666666667,8.641975308641975,9.941520467836257,6.4,5.263157894736842,5.128205128205128,3.225806451612903,10.144927536231885,4.3478260869565215,4.761904761904762,6.578947368421052,8.843537414965986
10,8.080808080808081,4.545454545454546,8.88888888888889,6.382978723404255,5.555555555555555,8.823529411764707,3.225806451612903,2.083333333333333,0.0,3.278688524590164,5.785123966942149,6.315789473684211,5.454545454545454,10.294117647058822,5.4945054945054945,9.70873786407767,5.357142857142857,2.247191011235955,6.666666666666667,7.446808510638298,7.462686567164178,8.0,7.317073170731707,2.941176470588235,5.714285714285714,4.761904761904762,9.230769230769232,0.0,8.695652173913043,14.285714285714285,0.0,4.6875,2.158273381294964,9.090909090909092,9.565217391304348,7.8125,4.651162790697675,4.444444444444445,4.827586206896552,5.405405405405405,5.172413793103448,6.976744186046512,1.3333333333333335,2.5316455696202533,4.310344827586207,9.042553191489363,4.761904761904762,2.73972602739726,6.25,4.477611940298507,5.633802816901409,4.918032786885246,3.278688524590164,4.761904761904762,7.352941176470589,3.910614525139665,6.299212598425196,3.3707865168539324,3.6585365853658534,6.382978723404255,5.172413793103448,7.5,10.16949152542373,11.320754716981133,6.741573033707865,5.084745762711865,12.0,0.0,2.127659574468085,10.294117647058822,2.0,6.422018348623854,3.1055900621118013,3.278688524590164,2.941176470588235,3.3707865168539324,6.329113924050633,8.695652173913043,6.624605678233439,2.7027027027027026,8.571428571428571,12.195121951219512,3.7037037037037033,2.941176470588235,2.898550724637681,6.8181818181818175,9.523809523809524,3.225806451612903,0.0,4.878048780487805,6.315789473684211,6.451612903225806,4.651162790697675,4.878048780487805,5.263157894736842,7.317073170731707,7.317073170731707,9.30232558139535,6.666666666666667,0.0,10.0,4.918032786885246,6.944444444444445,0.0,13.043478260869565,14.285714285714285,0.0,2.7027027027027026,0.0,7.5,6.521739130434782,5.092592592592593,6.666666666666667,0.0,8.108108108108109,0.0,1.282051282051282,7.0588235294117645,2.857142857142857,4.444444444444445,6.349206349206349,4.5,6.25,5.88235294117647,6.382978723404255,7.462686567164178,5.405405405405405,5.521472392638037,6.024096385542169,2.380952380952381,2.1505376344086025,3.9603960396039604,4.545454545454546,3.0303030303030303,5.681818181818182,6.837606837606838,5.921052631578947,5.607476635514018,5.357142857142857,3.389830508474576,3.0303030303030303,4.761904761904762,1.5151515151515151,10.869565217391305,6.0606060606060606,4.273504273504273,4.166666666666666,6.804733727810651,1.5625,7.386363636363637,5.0,9.523809523809524,4.25531914893617,3.5532994923857872,6.0606060606060606,5.555555555555555,2.5,3.076923076923077,11.11111111111111,6.451612903225806,3.225806451612903,5.88235294117647,8.333333333333332,6.25,6.8181818181818175,1.9607843137254901,8.411214953271028,1.694915254237288,11.11111111111111,9.345794392523365,5.323193916349809,2.0408163265306123,10.638297872340425,6.382978723404255,9.67741935483871,16.666666666666664,10.344827586206897,10.526315789473683,6.25,2.941176470588235,11.428571428571429,6.0606060606060606,13.20754716981132,7.5,9.876543209876543,6.25,8.0,4.316546762589928,5.681818181818182,3.0303030303030303,6.024096385542169,3.076923076923077,9.195402298850574,3.225806451612903,4.201680672268908,2.1739130434782608,0.0,4.444444444444445,8.38709677419355,3.6363636363636362,22.22222222222222,3.4482758620689653,10.714285714285714,4.878048780487805,7.5,1.8181818181818181,7.608695652173914,7.6923076923076925,3.225806451612903,4.545454545454546,5.084745762711865,7.262569832402235,2.3255813953488373,6.666666666666667,11.11111111111111,6.432748538011696,6.4,0.0,5.128205128205128,6.451612903225806,2.898550724637681,14.492753623188406,11.11111111111111,3.9473684210526314,9.523809523809524
11,6.0606060606060606,4.220779220779221,5.185185185185185,4.25531914893617,2.7777777777777777,11.76470588235294,6.451612903225806,6.25,11.11111111111111,1.639344262295082,5.785123966942149,7.368421052631578,8.181818181818182,2.941176470588235,5.4945054945054945,4.854368932038835,5.357142857142857,5.617977528089887,2.666666666666667,8.51063829787234,5.970149253731343,4.0,4.878048780487805,2.941176470588235,5.714285714285714,4.761904761904762,1.5384615384615385,5.263157894736842,4.3478260869565215,5.357142857142857,6.25,3.125,5.0359712230215825,4.545454545454546,7.82608695652174,1.5625,5.813953488372093,4.444444444444445,6.206896551724138,6.081081081081082,3.4482758620689653,3.488372093023256,2.666666666666667,0.0,3.4482758620689653,4.25531914893617,2.380952380952381,2.73972602739726,3.125,5.970149253731343,5.633802816901409,3.278688524590164,1.639344262295082,9.523809523809524,4.411764705882353,2.793296089385475,2.3622047244094486,3.3707865168539324,3.6585365853658534,4.25531914893617,5.172413793103448,2.5,6.779661016949152,11.320754716981133,6.741573033707865,5.084745762711865,8.0,0.0,8.51063829787234,4.411764705882353,8.0,5.5045871559633035,3.1055900621118013,3.278688524590164,5.88235294117647,7.865168539325842,3.1645569620253164,5.797101449275362,3.4700315457413247,8.108108108108109,4.285714285714286,2.4390243902439024,7.4074074074074066,2.941176470588235,5.072463768115942,2.272727272727273,4.761904761904762,3.225806451612903,3.8461538461538463,4.0650406504065035,4.736842105263158,22.58064516129032,2.3255813953488373,2.4390243902439024,9.210526315789473,5.691056910569105,3.6585365853658534,6.976744186046512,4.0,0.0,3.3333333333333335,8.19672131147541,6.944444444444445,0.0,5.434782608695652,14.285714285714285,20.0,5.405405405405405,16.666666666666664,8.75,4.3478260869565215,4.861111111111112,0.8888888888888888,0.0,10.81081081081081,7.6923076923076925,3.8461538461538463,5.88235294117647,14.285714285714285,4.444444444444445,4.761904761904762,5.5,6.25,0.0,3.1914893617021276,0.0,7.4324324324324325,4.9079754601226995,7.228915662650602,4.166666666666666,7.526881720430108,6.9306930693069315,4.545454545454546,9.090909090909092,1.1363636363636365,5.982905982905983,5.921052631578947,4.672897196261682,3.571428571428571,11.864406779661017,1.5151515151515151,2.380952380952381,7.575757575757576,8.695652173913043,4.545454545454546,4.273504273504273,5.555555555555555,4.437869822485207,7.8125,5.681818181818182,5.0,6.349206349206349,4.25531914893617,6.598984771573605,2.272727272727273,5.555555555555555,7.5,3.076923076923077,8.333333333333332,3.4739454094292808,6.451612903225806,5.88235294117647,10.416666666666668,6.25,4.545454545454546,3.9215686274509802,2.803738317757009,3.389830508474576,0.0,4.672897196261682,4.942965779467681,6.122448979591836,6.382978723404255,2.553191489361702,8.064516129032258,16.666666666666664,6.896551724137931,2.631578947368421,4.861111111111112,5.88235294117647,8.571428571428571,0.0,3.7735849056603774,0.0,3.7037037037037033,4.166666666666666,2.0,4.316546762589928,3.4090909090909087,2.4242424242424243,6.626506024096386,9.230769230769232,1.1494252873563218,3.225806451612903,3.361344537815126,5.434782608695652,4.545454545454546,4.444444444444445,5.806451612903226,0.0,11.11111111111111,2.2988505747126435,6.428571428571428,2.4390243902439024,2.5,7.2727272727272725,15.217391304347828,7.6923076923076925,0.0,3.0303030303030303,3.389830508474576,5.58659217877095,0.0,4.444444444444445,7.4074074074074066,5.847953216374268,4.8,5.263157894736842,5.128205128205128,3.225806451612903,2.898550724637681,5.797101449275362,4.761904761904762,11.842105263157894,5.442176870748299
12,5.05050505050505,3.896103896103896,2.9629629629629632,3.1914893617021276,11.11111111111111,0.0,9.67741935483871,0.0,7.4074074074074066,6.557377049180328,4.132231404958678,4.2105263157894735,0.9090909090909091,7.352941176470589,2.197802197802198,6.796116504854369,7.142857142857142,5.617977528089887,5.333333333333334,2.127659574468085,2.9850746268656714,4.0,9.75609756097561,5.88235294117647,5.714285714285714,4.761904761904762,4.615384615384616,5.263157894736842,4.3478260869565215,3.571428571428571,0.0,1.5625,3.597122302158273,4.545454545454546,2.608695652173913,0.0,4.651162790697675,2.2222222222222223,1.3793103448275863,3.3783783783783785,10.344827586206897,3.488372093023256,2.666666666666667,5.063291139240507,1.7241379310344827,4.25531914893617,4.761904761904762,6.8493150684931505,6.25,2.9850746268656714,4.225352112676056,0.0,8.19672131147541,3.1746031746031744,4.411764705882353,2.2346368715083798,4.724409448818897,5.617977528089887,0.0,6.382978723404255,3.4482758620689653,0.0,5.084745762711865,5.660377358490567,3.3707865168539324,5.084745762711865,0.0,0.0,8.51063829787234,1.4705882352941175,2.0,3.669724770642202,1.2422360248447204,1.639344262295082,7.352941176470589,10.112359550561797,1.89873417721519,5.797101449275362,4.100946372239748,5.405405405405405,3.571428571428571,0.0,3.7037037037037033,2.941176470588235,5.072463768115942,0.0,0.0,3.225806451612903,3.8461538461538463,9.75609756097561,4.2105263157894735,3.225806451612903,6.976744186046512,4.878048780487805,5.263157894736842,3.2520325203252036,1.2195121951219512,4.651162790697675,8.0,0.0,3.3333333333333335,3.278688524590164,1.3888888888888888,0.0,2.1739130434782608,14.285714285714285,20.0,5.405405405405405,0.0,6.25,4.3478260869565215,1.6203703703703702,5.333333333333334,0.0,5.405405405405405,0.0,7.6923076923076925,3.5294117647058822,0.0,7.4074074074074066,3.1746031746031744,2.5,18.75,11.76470588235294,3.1914893617021276,4.477611940298507,1.3513513513513513,4.294478527607362,3.614457831325301,3.571428571428571,2.1505376344086025,4.455445544554455,6.8181818181818175,0.0,3.4090909090909087,3.418803418803419,3.289473684210526,5.607476635514018,1.7857142857142856,3.389830508474576,3.0303030303030303,11.904761904761903,0.0,6.521739130434782,10.606060606060606,2.564102564102564,4.166666666666666,2.9585798816568047,4.6875,3.977272727272727,6.0,7.936507936507936,3.1914893617021276,1.5228426395939088,2.272727272727273,3.7037037037037033,0.0,4.615384615384616,5.555555555555555,2.2332506203473943,3.225806451612903,8.823529411764707,0.0,0.0,4.545454545454546,4.901960784313726,2.803738317757009,5.084745762711865,11.11111111111111,3.7383177570093453,3.4220532319391634,6.122448979591836,2.127659574468085,5.531914893617021,3.225806451612903,10.0,3.4482758620689653,7.894736842105263,5.555555555555555,2.941176470588235,5.714285714285714,3.0303030303030303,1.8867924528301887,7.5,8.641975308641975,7.291666666666667,4.0,6.474820143884892,5.681818181818182,4.242424242424243,5.421686746987952,4.615384615384616,5.747126436781609,9.67741935483871,5.88235294117647,5.434782608695652,0.0,0.0,1.935483870967742,0.0,5.555555555555555,1.7241379310344827,5.0,2.4390243902439024,7.5,14.545454545454545,7.608695652173914,2.564102564102564,6.451612903225806,1.5151515151515151,6.779661016949152,7.82122905027933,9.30232558139535,4.444444444444445,3.7037037037037033,2.923976608187134,2.4,5.263157894736842,5.128205128205128,0.0,7.246376811594203,10.144927536231885,3.1746031746031744,2.631578947368421,6.802721088435375
13,6.0606060606060606,2.922077922077922,4.444444444444445,5.319148936170213,8.333333333333332,8.823529411764707,3.225806451612903,2.083333333333333,0.0,4.918032786885246,2.479338842975207,3.1578947368421053,2.727272727272727,4.411764705882353,2.197802197802198,1.9417475728155338,3.571428571428571,1.1235955056179776,0.0,4.25531914893617,1.4925373134328357,12.0,7.317073170731707,2.941176470588235,4.285714285714286,9.523809523809524,7.6923076923076925,0.0,8.695652173913043,1.7857142857142856,6.25,0.0,0.7194244604316548,6.8181818181818175,6.956521739130435,0.0,1.1627906976744187,0.0,3.4482758620689653,1.3513513513513513,3.4482758620689653,4.651162790697675,0.0,2.5316455696202533,4.310344827586207,2.6595744680851063,2.380952380952381,4.10958904109589,4.6875,1.4925373134328357,8.450704225352112,4.918032786885246,4.918032786885246,4.761904761904762,5.88235294117647,1.675977653631285,3.937007874015748,5.617977528089887,3.6585365853658534,4.25531914893617,0.0,2.5,3.389830508474576,1.8867924528301887,5.617977528089887,3.389830508474576,4.0,0.0,6.382978723404255,4.411764705882353,4.0,8.256880733944955,1.8633540372670807,1.639344262295082,5.88235294117647,7.865168539325842,3.1645569620253164,5.797101449275362,1.8927444794952681,0.0,0.7142857142857143,2.4390243902439024,7.4074074074074066,1.9607843137254901,3.6231884057971016,4.545454545454546,0.0,6.451612903225806,3.8461538461538463,2.4390243902439024,2.631578947368421,3.225806451612903,2.3255813953488373,7.317073170731707,1.3157894736842104,2.4390243902439024,3.6585365853658534,4.651162790697675,4.0,14.285714285714285,13.333333333333334,9.836065573770492,2.7777777777777777,0.0,0.0,0.0,20.0,2.7027027027027026,0.0,1.25,5.434782608695652,3.009259259259259,6.222222222222222,0.0,4.054054054054054,7.6923076923076925,5.128205128205128,1.1764705882352942,5.714285714285714,2.2222222222222223,3.1746031746031744,1.5,0.0,2.941176470588235,1.0638297872340425,1.4925373134328357,1.3513513513513513,0.6134969325153374,3.0120481927710845,0.0,4.301075268817205,4.9504950495049505,6.8181818181818175,0.0,3.4090909090909087,5.982905982905983,1.3157894736842104,2.803738317757009,1.7857142857142856,5.084745762711865,4.545454545454546,4.761904761904762,3.0303030303030303,8.695652173913043,1.5151515151515151,3.418803418803419,4.166666666666666,3.2544378698224854,6.25,2.272727272727273,5.0,4.761904761904762,2.127659574468085,1.015228426395939,0.7575757575757576,5.555555555555555,2.5,0.7692307692307693,5.555555555555555,1.488833746898263,2.1505376344086025,5.88235294117647,6.25,12.5,2.272727272727273,1.9607843137254901,4.672897196261682,1.694915254237288,0.0,3.7383177570093453,4.942965779467681,0.0,4.25531914893617,3.404255319148936,4.838709677419355,0.0,3.4482758620689653,2.631578947368421,2.083333333333333,4.411764705882353,5.714285714285714,0.0,11.320754716981133,5.0,6.172839506172839,3.125,4.0,4.316546762589928,3.4090909090909087,1.8181818181818181,3.614457831325301,6.153846153846154,4.597701149425287,3.225806451612903,4.201680672268908,4.3478260869565215,0.0,2.2222222222222223,3.225806451612903,3.6363636363636362,5.555555555555555,2.8735632183908044,5.714285714285714,7.317073170731707,3.75,7.2727272727272725,0.0,1.282051282051282,3.225806451612903,0.0,3.389830508474576,2.793296089385475,2.3255813953488373,11.11111111111111,3.7037037037037033,1.7543859649122806,5.6000000000000005,2.631578947368421,5.128205128205128,9.67741935483871,5.797101449275362,8.695652173913043,1.5873015873015872,5.263157894736842,5.442176870748299
14,2.0202020202020203,2.272727272727273,2.2222222222222223,2.127659574468085,11.11111111111111,5.88235294117647,0.0,0.0,3.7037037037037033,8.19672131147541,3.3057851239669422,5.263157894736842,4.545454545454546,1.4705882352941175,4.395604395604396,2.912621359223301,3.571428571428571,2.247191011235955,4.0,3.1914893617021276,4.477611940298507,0.0,2.4390243902439024,0.0,5.714285714285714,4.761904761904762,3.076923076923077,0.0,0.0,3.571428571428571,0.0,1.5625,0.0,6.8181818181818175,1.7391304347826086,1.5625,4.651162790697675,0.0,1.3793103448275863,0.6756756756756757,3.4482758620689653,4.651162790697675,1.3333333333333335,5.063291139240507,7.758620689655173,3.1914893617021276,2.380952380952381,2.73972602739726,6.25,4.477611940298507,0.0,1.639344262295082,3.278688524590164,1.5873015873015872,1.4705882352941175,0.5586592178770949,4.724409448818897,2.247191011235955,3.6585365853658534,4.25531914893617,10.344827586206897,0.0,0.0,0.0,4.49438202247191,5.084745762711865,12.0,6.25,4.25531914893617,2.941176470588235,4.0,0.9174311926605505,0.6211180124223602,4.918032786885246,2.941176470588235,4.49438202247191,2.5316455696202533,4.3478260869565215,2.5236593059936907,2.7027027027027026,1.4285714285714286,2.4390243902439024,0.0,0.9803921568627451,2.898550724637681,4.545454545454546,4.761904761904762,3.225806451612903,3.8461538461538463,2.4390243902439024,0.0,6.451612903225806,2.3255813953488373,7.317073170731707,1.3157894736842104,1.6260162601626018,3.6585365853658534,0.0,5.333333333333334,0.0,6.666666666666667,4.918032786885246,2.7777777777777777,0.0,2.1739130434782608,14.285714285714285,0.0,0.0,0.0,3.75,2.1739130434782608,1.3888888888888888,4.888888888888889,20.0,2.7027027027027026,0.0,1.282051282051282,4.705882352941177,8.571428571428571,5.185185185185185,4.761904761904762,2.0,0.0,5.88235294117647,6.382978723404255,5.970149253731343,0.6756756756756757,1.2269938650306749,0.6024096385542169,2.976190476190476,1.0752688172043012,2.9702970297029703,4.545454545454546,6.0606060606060606,1.1363636363636365,1.7094017094017095,2.631578947368421,0.9345794392523363,0.0,5.084745762711865,3.0303030303030303,0.0,0.0,4.3478260869565215,1.5151515151515151,3.418803418803419,5.555555555555555,2.0710059171597637,4.6875,2.840909090909091,3.0,0.0,2.127659574468085,3.0456852791878175,1.5151515151515151,5.555555555555555,2.5,2.307692307692308,2.7777777777777777,0.9925558312655087,2.1505376344086025,2.941176470588235,6.25,6.25,1.5151515151515151,0.0,5.607476635514018,5.084745762711865,11.11111111111111,0.9345794392523363,1.1406844106463878,2.0408163265306123,10.638297872340425,2.9787234042553195,6.451612903225806,3.3333333333333335,1.7241379310344827,3.9473684210526314,4.861111111111112,0.0,5.714285714285714,0.0,1.8867924528301887,2.5,3.7037037037037033,4.166666666666666,4.0,4.316546762589928,4.545454545454546,1.8181818181818181,3.614457831325301,4.615384615384616,3.4482758620689653,0.0,2.5210084033613445,3.260869565217391,0.0,2.2222222222222223,3.225806451612903,1.8181818181818181,5.555555555555555,1.7241379310344827,0.7142857142857143,4.878048780487805,2.5,1.8181818181818181,7.608695652173914,5.128205128205128,3.225806451612903,3.0303030303030303,5.084745762711865,2.2346368715083798,2.3255813953488373,11.11111111111111,2.4691358024691357,4.093567251461988,1.6,2.631578947368421,5.128205128205128,3.225806451612903,7.246376811594203,2.898550724637681,3.1746031746031744,2.631578947368421,4.081632653061225
15,5.05050505050505,1.6233766233766231,2.2222222222222223,0.0,0.0,0.0,3.225806451612903,8.333333333333332,0.0,3.278688524590164,1.6528925619834711,3.1578947368421053,1.8181818181818181,1.4705882352941175,4.395604395604396,1.9417475728155338,7.142857142857142,0.0,2.666666666666667,1.0638297872340425,1.4925373134328357,0.0,4.878048780487805,2.941176470588235,0.0,2.380952380952381,1.5384615384615385,5.263157894736842,0.0,1.7857142857142856,6.25,0.0,1.4388489208633095,0.0,0.8695652173913043,3.125,3.488372093023256,0.0,3.4482758620689653,2.7027027027027026,3.4482758620689653,3.488372093023256,0.0,2.5316455696202533,0.8620689655172413,1.5957446808510638,2.380952380952381,1.36986301369863,6.25,1.4925373134328357,1.4084507042253522,3.278688524590164,3.278688524590164,4.761904761904762,0.0,1.1173184357541899,1.574803149606299,1.1235955056179776,0.0,0.0,3.4482758620689653,2.5,0.0,3.7735849056603774,3.3707865168539324,3.389830508474576,4.0,12.5,2.127659574468085,7.352941176470589,6.0,4.587155963302752,1.8633540372670807,1.639344262295082,1.4705882352941175,4.49438202247191,2.5316455696202533,0.0,2.2082018927444795,5.405405405405405,2.857142857142857,2.4390243902439024,3.7037037037037033,0.9803921568627451,2.898550724637681,4.545454545454546,4.761904761904762,6.451612903225806,7.6923076923076925,1.6260162601626018,3.1578947368421053,9.67741935483871,2.3255813953488373,2.4390243902439024,2.631578947368421,1.6260162601626018,0.0,4.651162790697675,1.3333333333333335,0.0,6.666666666666667,4.918032786885246,8.333333333333332,0.0,1.0869565217391304,0.0,20.0,8.108108108108109,0.0,2.5,2.1739130434782608,1.3888888888888888,3.5555555555555554,0.0,1.3513513513513513,3.8461538461538463,2.564102564102564,2.3529411764705883,2.857142857142857,1.4814814814814816,4.761904761904762,1.5,0.0,0.0,1.0638297872340425,1.4925373134328357,3.3783783783783785,2.4539877300613497,1.8072289156626504,0.5952380952380952,1.0752688172043012,2.9702970297029703,6.8181818181818175,3.0303030303030303,1.1363636363636365,2.564102564102564,0.6578947368421052,1.8691588785046727,1.7857142857142856,3.389830508474576,1.5151515151515151,7.142857142857142,0.0,4.3478260869565215,3.0303030303030303,1.7094017094017095,1.3888888888888888,1.4792899408284024,3.125,2.272727272727273,4.0,3.1746031746031744,3.1914893617021276,1.5228426395939088,2.272727272727273,5.555555555555555,0.0,1.5384615384615385,2.7777777777777777,0.7444168734491315,1.0752688172043012,5.88235294117647,8.333333333333332,6.25,1.5151515151515151,2.941176470588235,0.9345794392523363,0.0,0.0,6.5420560747663545,1.520912547528517,4.081632653061225,4.25531914893617,2.9787234042553195,3.225806451612903,0.0,6.896551724137931,1.3157894736842104,3.4722222222222223,10.294117647058822,2.857142857142857,3.0303030303030303,1.8867924528301887,0.0,2.4691358024691357,2.083333333333333,2.0,2.877697841726619,1.1363636363636365,1.2121212121212122,2.4096385542168677,4.615384615384616,4.597701149425287,3.225806451612903,4.201680672268908,1.0869565217391304,0.0,2.2222222222222223,1.935483870967742,1.8181818181818181,5.555555555555555,1.7241379310344827,0.7142857142857143,4.878048780487805,3.75,3.6363636363636362,3.260869565217391,5.128205128205128,0.0,1.5151515151515151,3.389830508474576,2.2346368715083798,9.30232558139535,2.2222222222222223,4.938271604938271,3.508771929824561,3.2,7.894736842105263,2.564102564102564,12.903225806451612,0.0,1.4492753623188406,1.5873015873015872,5.263157894736842,4.761904761904762
16,1.0101010101010102,0.3246753246753247,1.4814814814814816,5.319148936170213,0.0,2.941176470588235,3.225806451612903,2.083333333333333,0.0,0.0,0.8264462809917356,5.263157894736842,3.6363636363636362,0.0,3.296703296703297,4.854368932038835,7.142857142857142,0.0,4.0,2.127659574468085,4.477611940298507,4.0,0.0,0.0,2.857142857142857,2.380952380952381,1.5384615384615385,5.263157894736842,0.0,3.571428571428571,6.25,3.125,0.7194244604316548,4.545454545454546,2.608695652173913,1.5625,3.488372093023256,0.0,0.6896551724137931,0.6756756756756757,0.0,3.488372093023256,0.0,0.0,1.7241379310344827,2.127659574468085,2.380952380952381,1.36986301369863,1.5625,0.0,1.4084507042253522,1.639344262295082,0.0,4.761904761904762,1.4705882352941175,1.675977653631285,0.7874015748031495,0.0,1.2195121951219512,2.127659574468085,0.0,0.0,1.694915254237288,5.660377358490567,0.0,6.779661016949152,0.0,0.0,2.127659574468085,1.4705882352941175,0.0,1.834862385321101,1.2422360248447204,0.0,1.4705882352941175,4.49438202247191,1.89873417721519,1.4492753623188406,0.31545741324921134,2.7027027027027026,0.7142857142857143,2.4390243902439024,3.7037037037037033,0.9803921568627451,2.898550724637681,2.272727272727273,9.523809523809524,1.6129032258064515,0.0,0.0,3.1578947368421053,0.0,0.0,2.4390243902439024,0.0,1.6260162601626018,1.2195121951219512,6.976744186046512,4.0,0.0,0.0,0.0,0.0,20.0,0.0,0.0,0.0,2.7027027027027026,16.666666666666664,1.25,2.1739130434782608,0.4629629629629629,2.2222222222222223,0.0,2.7027027027027026,3.8461538461538463,2.564102564102564,1.1764705882352942,2.857142857142857,2.2222222222222223,0.0,0.0,0.0,2.941176470588235,1.0638297872340425,2.9850746268656714,0.6756756756756757,1.8404907975460123,0.6024096385542169,2.380952380952381,1.0752688172043012,0.0,2.272727272727273,3.0303030303030303,2.272727272727273,5.982905982905983,1.3157894736842104,1.8691588785046727,1.7857142857142856,0.0,1.5151515151515151,2.380952380952381,1.5151515151515151,0.0,4.545454545454546,1.7094017094017095,4.166666666666666,1.7751479289940828,0.0,0.5681818181818182,2.0,1.5873015873015872,2.127659574468085,0.5076142131979695,1.5151515151515151,7.4074074074074066,2.5,2.307692307692308,5.555555555555555,0.49627791563275436,2.1505376344086025,5.88235294117647,0.0,0.0,0.7575757575757576,1.9607843137254901,0.9345794392523363,0.0,0.0,1.8691588785046727,1.520912547528517,0.0,0.0,3.829787234042553,1.6129032258064515,3.3333333333333335,1.7241379310344827,2.631578947368421,0.6944444444444444,2.941176470588235,5.714285714285714,0.0,1.8867924528301887,5.0,1.2345679012345678,2.083333333333333,2.0,2.158273381294964,1.1363636363636365,1.2121212121212122,1.2048192771084338,1.5384615384615385,2.2988505747126435,0.0,5.88235294117647,2.1739130434782608,4.545454545454546,2.2222222222222223,1.935483870967742,1.8181818181818181,0.0,1.1494252873563218,0.0,7.317073170731707,2.5,3.6363636363636362,1.0869565217391304,0.0,0.0,1.5151515151515151,0.0,2.793296089385475,2.3255813953488373,6.666666666666667,2.4691358024691357,1.1695906432748537,3.2,2.631578947368421,3.8461538461538463,3.225806451612903,4.3478260869565215,5.797101449275362,4.761904761904762,1.3157894736842104,2.7210884353741496
17,3.0303030303030303,0.974025974025974,0.7407407407407408,1.0638297872340425,2.7777777777777777,8.823529411764707,0.0,2.083333333333333,0.0,3.278688524590164,0.8264462809917356,0.0,2.727272727272727,1.4705882352941175,0.0,0.0,5.357142857142857,2.247191011235955,4.0,3.1914893617021276,2.9850746268656714,0.0,0.0,0.0,2.857142857142857,0.0,0.0,10.526315789473683,0.0,0.0,0.0,1.5625,0.7194244604316548,1.1363636363636365,2.608695652173913,0.0,3.488372093023256,0.0,0.6896551724137931,1.3513513513513513,0.0,0.0,0.0,0.0,3.4482758620689653,1.0638297872340425,0.0,1.36986301369863,0.0,2.9850746268656714,0.0,0.0,0.0,0.0,1.4705882352941175,0.0,1.574803149606299,2.247191011235955,0.0,0.0,3.4482758620689653,0.0,1.694915254237288,0.0,3.3707865168539324,3.389830508474576,4.0,0.0,0.0,0.0,0.0,1.834862385321101,0.0,0.0,2.941176470588235,2.247191011235955,1.2658227848101267,1.4492753623188406,0.9463722397476341,2.7027027027027026,0.7142857142857143,2.4390243902439024,3.7037037037037033,0.0,0.7246376811594203,0.0,0.0,0.0,0.0,0.8130081300813009,1.5789473684210527,3.225806451612903,2.3255813953488373,0.0,0.0,2.4390243902439024,1.2195121951219512,2.3255813953488373,2.666666666666667,14.285714285714285,6.666666666666667,0.0,1.3888888888888888,0.0,1.0869565217391304,14.285714285714285,0.0,0.0,0.0,3.75,0.0,0.6944444444444444,3.111111111111111,0.0,1.3513513513513513,0.0,1.282051282051282,1.1764705882352942,2.857142857142857,2.2222222222222223,1.5873015873015872,0.0,0.0,0.0,1.0638297872340425,1.4925373134328357,1.3513513513513513,0.0,1.2048192771084338,0.0,1.0752688172043012,1.9801980198019802,0.0,3.0303030303030303,0.0,0.8547008547008548,0.6578947368421052,0.9345794392523363,0.0,1.694915254237288,1.5151515151515151,0.0,0.0,0.0,3.0303030303030303,2.564102564102564,2.7777777777777777,1.183431952662722,0.0,2.272727272727273,0.0,0.0,1.0638297872340425,0.5076142131979695,0.0,0.0,5.0,0.7692307692307693,2.7777777777777777,0.9925558312655087,1.0752688172043012,0.0,2.083333333333333,6.25,0.7575757575757576,1.9607843137254901,0.9345794392523363,0.0,0.0,2.803738317757009,1.9011406844106464,0.0,4.25531914893617,1.702127659574468,0.0,6.666666666666667,5.172413793103448,1.3157894736842104,0.6944444444444444,2.941176470588235,2.857142857142857,3.0303030303030303,1.8867924528301887,0.0,1.2345679012345678,3.125,0.0,1.4388489208633095,3.4090909090909087,0.6060606060606061,2.4096385542168677,4.615384615384616,5.747126436781609,0.0,2.5210084033613445,1.0869565217391304,9.090909090909092,2.2222222222222223,1.2903225806451613,1.8181818181818181,0.0,1.1494252873563218,0.0,2.4390243902439024,5.0,1.8181818181818181,1.0869565217391304,2.564102564102564,0.0,1.5151515151515151,1.694915254237288,1.675977653631285,2.3255813953488373,2.2222222222222223,1.2345679012345678,2.3391812865497075,0.8,7.894736842105263,0.0,3.225806451612903,1.4492753623188406,1.4492753623188406,1.5873015873015872,2.631578947368421,2.0408163265306123
18,3.0303030303030303,0.3246753246753247,1.4814814814814816,2.127659574468085,0.0,0.0,0.0,0.0,0.0,4.918032786885246,0.8264462809917356,3.1578947368421053,3.6363636363636362,1.4705882352941175,1.098901098901099,1.9417475728155338,0.0,1.1235955056179776,5.333333333333334,2.127659574468085,1.4925373134328357,0.0,0.0,0.0,0.0,2.380952380952381,3.076923076923077,5.263157894736842,4.3478260869565215,1.7857142857142856,0.0,0.0,1.4388489208633095,3.4090909090909087,2.608695652173913,1.5625,1.1627906976744187,0.0,0.0,0.6756756756756757,1.7241379310344827,0.0,0.0,0.0,1.7241379310344827,1.0638297872340425,0.0,0.0,3.125,1.4925373134328357,2.8169014084507045,1.639344262295082,0.0,1.5873015873015872,1.4705882352941175,1.1173184357541899,0.7874015748031495,3.3707865168539324,1.2195121951219512,2.127659574468085,0.0,0.0,1.694915254237288,1.8867924528301887,0.0,1.694915254237288,0.0,6.25,2.127659574468085,0.0,2.0,1.834862385321101,1.8633540372670807,0.0,0.0,0.0,1.2658227848101267,0.0,0.9463722397476341,2.7027027027027026,0.7142857142857143,0.0,0.0,0.0,0.0,0.0,0.0,1.6129032258064515,0.0,0.0,1.5789473684210527,0.0,0.0,0.0,3.9473684210526314,0.8130081300813009,1.2195121951219512,2.3255813953488373,0.0,0.0,3.3333333333333335,0.0,5.555555555555555,0.0,0.0,14.285714285714285,0.0,0.0,16.666666666666664,1.25,0.0,0.9259259259259258,0.4444444444444444,0.0,2.7027027027027026,0.0,1.282051282051282,1.1764705882352942,0.0,0.0,0.0,0.0,0.0,0.0,1.0638297872340425,1.4925373134328357,0.6756756756756757,1.2269938650306749,0.6024096385542169,1.1904761904761905,2.1505376344086025,1.9801980198019802,2.272727272727273,6.0606060606060606,2.272727272727273,0.0,0.6578947368421052,0.0,1.7857142857142856,6.779661016949152,3.0303030303030303,4.761904761904762,0.0,0.0,1.5151515151515151,1.7094017094017095,2.7777777777777777,0.0,4.6875,1.7045454545454544,0.0,1.5873015873015872,0.0,1.015228426395939,0.0,3.7037037037037033,0.0,0.0,0.0,0.49627791563275436,2.1505376344086025,2.941176470588235,0.0,6.25,0.7575757575757576,2.941176470588235,0.9345794392523363,1.694915254237288,0.0,0.9345794392523363,1.520912547528517,4.081632653061225,2.127659574468085,1.702127659574468,0.0,0.0,1.7241379310344827,0.0,0.0,2.941176470588235,0.0,0.0,1.8867924528301887,2.5,0.0,3.125,6.0,2.877697841726619,1.1363636363636365,0.6060606060606061,0.6024096385542169,0.0,1.1494252873563218,0.0,0.0,1.0869565217391304,9.090909090909092,0.0,1.2903225806451613,0.0,5.555555555555555,1.1494252873563218,0.7142857142857143,2.4390243902439024,1.25,3.6363636363636362,1.0869565217391304,0.0,0.0,4.545454545454546,1.694915254237288,1.1173184357541899,4.651162790697675,0.0,1.2345679012345678,1.1695906432748537,0.0,2.631578947368421,1.282051282051282,0.0,5.797101449275362,1.4492753623188406,1.5873015873015872,0.0,2.0408163265306123
19,2.0202020202020203,0.6493506493506493,1.4814814814814816,2.127659574468085,2.7777777777777777,0.0,0.0,4.166666666666666,0.0,3.278688524590164,1.6528925619834711,0.0,0.0,0.0,0.0,0.0,3.571428571428571,1.1235955056179776,5.333333333333334,1.0638297872340425,1.4925373134328357,0.0,2.4390243902439024,2.941176470588235,0.0,2.380952380952381,0.0,0.0,0.0,3.571428571428571,0.0,0.0,1.4388489208633095,3.4090909090909087,0.8695652173913043,0.0,1.1627906976744187,0.0,1.3793103448275863,1.3513513513513513,0.0,1.1627906976744187,0.0,2.5316455696202533,1.7241379310344827,0.5319148936170213,0.0,1.36986301369863,1.5625,1.4925373134328357,2.8169014084507045,0.0,0.0,0.0,4.411764705882353,0.5586592178770949,0.7874015748031495,0.0,0.0,4.25531914893617,1.7241379310344827,0.0,1.694915254237288,3.7735849056603774,0.0,0.0,0.0,0.0,0.0,0.0,2.0,1.834862385321101,0.0,0.0,0.0,0.0,0.0,1.4492753623188406,0.6309148264984227,0.0,0.7142857142857143,0.0,0.0,1.9607843137254901,0.0,0.0,4.761904761904762,6.451612903225806,0.0,0.0,0.5263157894736842,0.0,0.0,2.4390243902439024,0.0,0.0,1.2195121951219512,2.3255813953488373,0.0,0.0,0.0,1.639344262295082,0.0,0.0,0.0,0.0,0.0,5.405405405405405,0.0,2.5,0.0,1.1574074074074074,0.4444444444444444,0.0,2.7027027027027026,0.0,0.0,0.0,0.0,2.2222222222222223,0.0,0.0,0.0,0.0,1.0638297872340425,0.0,0.0,1.2269938650306749,0.0,0.0,0.0,0.9900990099009901,2.272727272727273,0.0,2.272727272727273,0.0,1.3157894736842104,0.0,1.7857142857142856,0.0,1.5151515151515151,4.761904761904762,0.0,4.3478260869565215,3.0303030303030303,0.8547008547008548,5.555555555555555,0.2958579881656805,0.0,1.1363636363636365,3.0,3.1746031746031744,0.0,0.0,0.0,0.0,0.0,0.0,0.0,0.0,2.1505376344086025,2.941176470588235,2.083333333333333,0.0,0.7575757575757576,0.0,0.9345794392523363,3.389830508474576,0.0,2.803738317757009,1.1406844106463878,0.0,0.0,0.851063829787234,3.225806451612903,0.0,0.0,0.0,0.0,0.0,2.857142857142857,0.0,0.0,0.0,1.2345679012345678,3.125,0.0,0.7194244604316548,0.0,0.6060606060606061,0.6024096385542169,1.5384615384615385,3.4482758620689653,0.0,0.0,1.0869565217391304,0.0,0.0,1.2903225806451613,3.6363636363636362,5.555555555555555,0.0,0.0,0.0,0.0,1.8181818181818181,1.0869565217391304,2.564102564102564,3.225806451612903,0.0,3.389830508474576,1.675977653631285,9.30232558139535,0.0,0.0,1.7543859649122806,2.4,2.631578947368421,2.564102564102564,3.225806451612903,1.4492753623188406,1.4492753623188406,0.0,1.3157894736842104,0.6802721088435374
20,0.0,0.974025974025974,0.0,1.0638297872340425,0.0,0.0,0.0,4.166666666666666,0.0,3.278688524590164,0.8264462809917356,1.0526315789473684,0.0,0.0,2.197802197802198,0.9708737864077669,0.0,1.1235955056179776,1.3333333333333335,1.0638297872340425,2.9850746268656714,0.0,0.0,0.0,2.857142857142857,0.0,0.0,0.0,0.0,1.7857142857142856,6.25,0.0,0.0,0.0,1.7391304347826086,4.6875,0.0,0.0,0.6896551724137931,0.0,3.4482758620689653,1.1627906976744187,0.0,0.0,0.8620689655172413,0.0,0.0,0.0,3.125,0.0,0.0,1.639344262295082,0.0,3.1746031746031744,0.0,0.0,0.7874015748031495,0.0,0.0,0.0,0.0,0.0,1.694915254237288,1.8867924528301887,1.1235955056179776,1.694915254237288,0.0,0.0,2.127659574468085,0.0,0.0,0.9174311926605505,0.6211180124223602,0.0,1.4705882352941175,2.247191011235955,0.0,0.0,0.6309148264984227,0.0,0.0,4.878048780487805,0.0,0.9803921568627451,0.0,0.0,0.0,0.0,0.0,0.8130081300813009,0.0,0.0,0.0,2.4390243902439024,0.0,0.0,0.0,2.3255813953488373,0.0,0.0,0.0,0.0,2.7777777777777777,0.0,0.0,0.0,0.0,0.0,0.0,0.0,0.0,0.23148148148148145,0.4444444444444444,0.0,2.7027027027027026,0.0,0.0,0.0,0.0,1.4814814814814816,0.0,0.5,0.0,0.0,1.0638297872340425,1.4925373134328357,0.6756756756756757,1.2269938650306749,0.0,0.5952380952380952,0.0,0.49504950495049505,2.272727272727273,0.0,1.1363636363636365,0.8547008547008548,0.0,0.0,1.7857142857142856,0.0,0.0,0.0,0.0,2.1739130434782608,3.0303030303030303,0.0,2.7777777777777777,0.0,0.0,1.1363636363636365,1.0,1.5873015873015872,0.0,0.0,0.7575757575757576,0.0,2.5,0.0,2.7777777777777777,0.24813895781637718,2.1505376344086025,0.0,2.083333333333333,0.0,0.7575757575757576,0.0,0.0,1.694915254237288,0.0,0.9345794392523363,1.1406844106463878,0.0,2.127659574468085,0.851063829787234,1.6129032258064515,0.0,1.7241379310344827,1.3157894736842104,0.0,0.0,0.0,0.0,1.8867924528301887,0.0,0.0,2.083333333333333,0.0,0.7194244604316548,0.0,0.6060606060606061,2.4096385542168677,0.0,2.2988505747126435,0.0,2.5210084033613445,0.0,0.0,0.0,0.6451612903225806,0.0,0.0,0.5747126436781609,0.7142857142857143,2.4390243902439024,0.0,1.8181818181818181,1.0869565217391304,1.282051282051282,0.0,0.0,0.0,0.5586592178770949,0.0,0.0,3.7037037037037033,1.1695906432748537,1.6,2.631578947368421,1.282051282051282,0.0,0.0,4.3478260869565215,0.0,1.3157894736842104,0.6802721088435374
21,0.0,0.6493506493506493,0.0,0.0,0.0,0.0,0.0,0.0,0.0,0.0,1.6528925619834711,1.0526315789473684,0.0,1.4705882352941175,1.098901098901099,0.0,5.357142857142857,0.0,0.0,1.0638297872340425,1.4925373134328357,0.0,0.0,0.0,1.4285714285714286,2.380952380952381,0.0,5.263157894736842,0.0,0.0,0.0,1.5625,0.7194244604316548,1.1363636363636365,0.8695652173913043,1.5625,1.1627906976744187,0.0,0.0,0.0,1.7241379310344827,0.0,0.0,0.0,0.8620689655172413,0.0,2.380952380952381,0.0,0.0,0.0,1.4084507042253522,0.0,1.639344262295082,1.5873015873015872,0.0,0.0,0.0,0.0,0.0,0.0,0.0,0.0,0.0,1.8867924528301887,2.247191011235955,1.694915254237288,4.0,0.0,0.0,1.4705882352941175,0.0,0.0,0.0,1.639344262295082,0.0,0.0,0.0,0.0,0.31545741324921134,0.0,0.7142857142857143,2.4390243902439024,0.0,1.9607843137254901,0.0,2.272727272727273,0.0,0.0,0.0,0.0,1.0526315789473684,3.225806451612903,0.0,0.0,0.0,0.8130081300813009,0.0,0.0,0.0,14.285714285714285,6.666666666666667,0.0,0.0,0.0,1.0869565217391304,0.0,0.0,0.0,0.0,1.25,0.0,0.6944444444444444,0.4444444444444444,0.0,1.3513513513513513,0.0,2.564102564102564,0.0,2.857142857142857,0.7407407407407408,0.0,0.0,0.0,0.0,0.0,0.0,0.0,1.2269938650306749,0.0,0.5952380952380952,0.0,0.9900990099009901,0.0,3.0303030303030303,0.0,0.0,1.3157894736842104,0.0,0.0,1.694915254237288,0.0,0.0,0.0,0.0,1.5151515151515151,0.0,0.0,0.2958579881656805,3.125,0.5681818181818182,0.0,0.0,0.0,0.5076142131979695,0.0,1.8518518518518516,2.5,0.0,0.0,0.24813895781637718,0.0,0.0,4.166666666666666,0.0,0.7575757575757576,0.0,0.9345794392523363,1.694915254237288,0.0,0.9345794392523363,0.38022813688212925,0.0,0.0,0.851063829787234,0.0,0.0,0.0,1.3157894736842104,0.6944444444444444,0.0,0.0,0.0,0.0,0.0,0.0,0.0,2.0,3.597122302158273,0.0,0.0,0.6024096385542169,0.0,2.2988505747126435,0.0,0.0,1.0869565217391304,0.0,0.0,0.0,0.0,5.555555555555555,0.0,0.0,2.4390243902439024,0.0,0.0,0.0,1.282051282051282,0.0,0.0,0.0,0.0,4.651162790697675,0.0,2.4691358024691357,2.923976608187134,0.8,2.631578947368421,1.282051282051282,3.225806451612903,1.4492753623188406,0.0,0.0,0.0,2.0408163265306123
22,1.0101010101010102,0.3246753246753247,0.0,1.0638297872340425,0.0,0.0,0.0,0.0,0.0,1.639344262295082,0.8264462809917356,0.0,0.0,0.0,0.0,0.9708737864077669,0.0,0.0,2.666666666666667,0.0,0.0,0.0,0.0,0.0,1.4285714285714286,0.0,0.0,0.0,0.0,1.7857142857142856,0.0,0.0,0.0,2.272727272727273,0.0,0.0,2.3255813953488373,0.0,0.0,0.6756756756756757,3.4482758620689653,1.1627906976744187,0.0,0.0,0.8620689655172413,0.5319148936170213,0.0,0.0,0.0,0.0,1.4084507042253522,0.0,0.0,3.1746031746031744,1.4705882352941175,0.0,0.0,0.0,0.0,2.127659574468085,0.0,0.0,0.0,0.0,0.0,1.694915254237288,0.0,0.0,0.0,2.941176470588235,2.0,0.0,0.0,0.0,0.0,1.1235955056179776,0.0,0.0,0.0,0.0,0.0,0.0,0.0,0.0,0.7246376811594203,0.0,0.0,3.225806451612903,0.0,0.0,0.5263157894736842,0.0,2.3255813953488373,0.0,1.3157894736842104,0.0,0.0,0.0,1.3333333333333335,0.0,0.0,0.0,2.7777777777777777,0.0,0.0,0.0,0.0,0.0,0.0,0.0,0.0,0.0,0.0,0.0,0.0,3.8461538461538463,1.282051282051282,0.0,0.0,0.0,0.0,0.0,0.0,2.941176470588235,0.0,0.0,0.6756756756756757,0.0,0.0,1.1904761904761905,0.0,0.49504950495049505,0.0,0.0,0.0,0.8547008547008548,0.0,0.9345794392523363,1.7857142857142856,5.084745762711865,0.0,0.0,0.0,0.0,0.0,0.8547008547008548,4.166666666666666,0.2958579881656805,0.0,1.7045454545454544,0.0,1.5873015873015872,0.0,0.0,0.7575757575757576,3.7037037037037033,0.0,0.0,0.0,0.49627791563275436,2.1505376344086025,0.0,0.0,0.0,0.7575757575757576,1.9607843137254901,0.9345794392523363,0.0,0.0,1.8691588785046727,0.7604562737642585,0.0,0.0,0.425531914893617,0.0,0.0,1.7241379310344827,0.0,0.6944444444444444,0.0,0.0,0.0,3.7735849056603774,0.0,0.0,0.0,0.0,2.158273381294964,2.272727272727273,0.0,0.6024096385542169,0.0,1.1494252873563218,0.0,0.8403361344537815,1.0869565217391304,0.0,2.2222222222222223,0.0,1.8181818181818181,0.0,0.5747126436781609,0.7142857142857143,4.878048780487805,2.5,1.8181818181818181,1.0869565217391304,1.282051282051282,3.225806451612903,1.5151515151515151,0.0,1.675977653631285,0.0,0.0,0.0,0.5847953216374269,0.8,0.0,1.282051282051282,0.0,1.4492753623188406,0.0,0.0,2.631578947368421,0.0
23,1.0101010101010102,0.6493506493506493,0.0,0.0,2.7777777777777777,0.0,0.0,2.083333333333333,0.0,1.639344262295082,0.8264462809917356,0.0,0.0,0.0,1.098901098901099,0.0,7.142857142857142,0.0,0.0,0.0,0.0,0.0,0.0,0.0,0.0,0.0,1.5384615384615385,0.0,4.3478260869565215,0.0,6.25,0.0,0.0,1.1363636363636365,0.0,0.0,2.3255813953488373,0.0,0.0,0.0,0.0,0.0,0.0,1.2658227848101267,0.0,0.0,0.0,0.0,0.0,0.0,1.4084507042253522,3.278688524590164,0.0,0.0,0.0,0.5586592178770949,0.0,1.1235955056179776,0.0,0.0,0.0,0.0,0.0,1.8867924528301887,0.0,1.694915254237288,0.0,0.0,0.0,1.4705882352941175,0.0,0.9174311926605505,0.0,0.0,0.0,1.1235955056179776,0.0,0.0,0.31545741324921134,0.0,0.0,0.0,7.4074074074074066,0.9803921568627451,0.0,0.0,0.0,0.0,0.0,0.0,0.0,0.0,0.0,0.0,1.3157894736842104,0.0,0.0,0.0,1.3333333333333335,0.0,0.0,0.0,0.0,0.0,0.0,0.0,0.0,2.7027027027027026,0.0,0.0,0.0,0.23148148148148145,0.4444444444444444,0.0,0.0,0.0,2.564102564102564,0.0,0.0,0.0,0.0,0.5,0.0,0.0,0.0,0.0,0.0,0.0,0.0,0.0,0.0,0.49504950495049505,0.0,0.0,0.0,0.8547008547008548,0.6578947368421052,0.0,1.7857142857142856,1.694915254237288,1.5151515151515151,0.0,0.0,0.0,0.0,0.8547008547008548,2.7777777777777777,0.0,0.0,0.0,0.0,0.0,0.0,0.5076142131979695,0.0,0.0,2.5,0.0,0.0,0.0,0.0,0.0,4.166666666666666,6.25,0.0,0.0,0.0,0.0,0.0,0.0,0.7604562737642585,0.0,0.0,0.0,0.0,6.666666666666667,0.0,0.0,0.0,0.0,0.0,0.0,0.0,0.0,1.2345679012345678,1.0416666666666665,0.0,0.0,1.1363636363636365,1.2121212121212122,1.2048192771084338,0.0,0.0,0.0,0.8403361344537815,2.1739130434782608,0.0,0.0,0.6451612903225806,0.0,0.0,0.0,0.7142857142857143,0.0,0.0,0.0,0.0,0.0,0.0,1.5151515151515151,0.0,0.5586592178770949,2.3255813953488373,0.0,1.2345679012345678,0.0,0.8,0.0,0.0,0.0,2.898550724637681,0.0,0.0,3.9473684210526314,1.3605442176870748
24,0.0,0.0,0.0,0.0,2.7777777777777777,0.0,0.0,0.0,0.0,0.0,0.0,0.0,0.0,0.0,2.197802197802198,0.0,0.0,0.0,1.3333333333333335,1.0638297872340425,1.4925373134328357,0.0,0.0,0.0,0.0,0.0,0.0,0.0,0.0,0.0,0.0,0.0,0.0,0.0,0.0,0.0,0.0,0.0,1.3793103448275863,0.0,0.0,0.0,0.0,0.0,0.0,0.0,0.0,0.0,0.0,0.0,2.8169014084507045,0.0,0.0,0.0,0.0,0.0,1.574803149606299,0.0,0.0,0.0,0.0,0.0,0.0,0.0,0.0,1.694915254237288,0.0,0.0,0.0,0.0,2.0,0.9174311926605505,0.0,0.0,0.0,2.247191011235955,0.6329113924050633,0.0,0.0,0.0,0.0,0.0,0.0,0.0,0.0,0.0,0.0,0.0,0.0,0.0,0.0,0.0,0.0,0.0,1.3157894736842104,0.0,1.2195121951219512,0.0,0.0,0.0,0.0,0.0,0.0,0.0,0.0,0.0,0.0,2.7027027027027026,0.0,0.0,0.0,0.0,0.0,0.0,1.3513513513513513,0.0,0.0,0.0,0.0,0.0,0.0,0.0,0.0,0.0,0.0,1.4925373134328357,0.6756756756756757,0.0,0.6024096385542169,0.0,0.0,0.0,0.0,0.0,0.0,0.0,0.6578947368421052,0.0,0.0,0.0,3.0303030303030303,0.0,0.0,0.0,0.0,0.0,1.3888888888888888,0.2958579881656805,1.5625,0.0,0.0,1.5873015873015872,0.0,0.0,0.0,0.0,0.0,1.5384615384615385,0.0,0.49627791563275436,1.0752688172043012,0.0,0.0,0.0,0.0,0.0,0.0,1.694915254237288,0.0,3.7383177570093453,0.0,0.0,2.127659574468085,0.0,0.0,0.0,0.0,0.0,0.0,1.4705882352941175,2.857142857142857,0.0,0.0,0.0,0.0,0.0,0.0,1.4388489208633095,1.1363636363636365,0.0,0.6024096385542169,1.5384615384615385,1.1494252873563218,0.0,0.0,1.0869565217391304,0.0,0.0,0.0,0.0,0.0,0.0,0.7142857142857143,0.0,1.25,1.8181818181818181,0.0,0.0,0.0,0.0,0.0,0.0,2.3255813953488373,0.0,0.0,0.0,0.0,5.263157894736842,0.0,0.0,0.0,1.4492753623188406,1.5873015873015872,0.0,1.3605442176870748
25,0.0,0.0,0.0,1.0638297872340425,0.0,0.0,0.0,0.0,0.0,0.0,0.0,0.0,0.0,0.0,0.0,0.9708737864077669,0.0,0.0,0.0,0.0,0.0,0.0,0.0,0.0,2.857142857142857,0.0,0.0,0.0,0.0,1.7857142857142856,0.0,0.0,0.0,1.1363636363636365,0.8695652173913043,1.5625,2.3255813953488373,0.0,0.6896551724137931,0.0,0.0,2.3255813953488373,0.0,0.0,0.8620689655172413,0.0,0.0,0.0,1.5625,0.0,2.8169014084507045,0.0,0.0,0.0,0.0,0.0,0.0,0.0,1.2195121951219512,0.0,0.0,0.0,0.0,1.8867924528301887,0.0,0.0,0.0,0.0,0.0,0.0,0.0,1.834862385321101,0.0,0.0,0.0,0.0,0.0,0.0,0.0,0.0,0.0,0.0,14.814814814814813,0.0,0.0,0.0,0.0,0.0,0.0,0.0,0.0,0.0,0.0,2.4390243902439024,2.631578947368421,0.0,0.0,0.0,0.0,0.0,3.3333333333333335,0.0,1.3888888888888888,0.0,0.0,0.0,0.0,0.0,0.0,0.0,0.0,0.0,0.0,0.0,0.0,3.8461538461538463,1.282051282051282,1.1764705882352942,0.0,0.7407407407407408,0.0,0.0,0.0,0.0,0.0,0.0,0.0,0.0,0.0,0.0,0.0,0.0,2.272727272727273,3.0303030303030303,0.0,0.0,0.0,0.0,0.0,0.0,3.0303030303030303,0.0,0.0,0.0,0.0,0.0,0.0,0.0,1.5625,0.0,0.0,1.5873015873015872,0.0,0.0,0.0,0.0,5.0,0.0,0.0,0.0,0.0,0.0,0.0,0.0,0.7575757575757576,0.0,0.0,1.694915254237288,0.0,0.0,1.1406844106463878,0.0,0.0,0.425531914893617,0.0,0.0,0.0,0.0,0.0,0.0,0.0,0.0,0.0,0.0,0.0,2.083333333333333,0.0,2.158273381294964,0.0,0.0,0.0,0.0,0.0,0.0,0.0,0.0,0.0,0.0,0.6451612903225806,0.0,0.0,0.5747126436781609,0.0,0.0,0.0,1.8181818181818181,0.0,0.0,0.0,0.0,0.0,0.0,2.3255813953488373,0.0,0.0,1.1695906432748537,0.8,0.0,1.282051282051282,0.0,0.0,0.0,0.0,0.0,2.0408163265306123
26,0.0,0.0,0.0,0.0,0.0,0.0,0.0,0.0,0.0,0.0,1.6528925619834711,0.0,0.9090909090909091,0.0,0.0,0.0,0.0,0.0,1.3333333333333335,0.0,0.0,0.0,0.0,0.0,0.0,0.0,1.5384615384615385,0.0,0.0,0.0,0.0,0.0,0.0,0.0,0.0,0.0,0.0,0.0,1.3793103448275863,0.6756756756756757,1.7241379310344827,0.0,0.0,0.0,0.8620689655172413,0.5319148936170213,0.0,0.0,1.5625,0.0,1.4084507042253522,0.0,1.639344262295082,0.0,0.0,0.0,0.0,0.0,0.0,0.0,0.0,0.0,0.0,0.0,0.0,0.0,0.0,0.0,0.0,0.0,0.0,0.0,0.0,0.0,0.0,3.3707865168539324,0.0,0.0,0.0,0.0,0.0,0.0,3.7037037037037033,0.0,0.0,0.0,0.0,1.6129032258064515,0.0,0.8130081300813009,0.0,0.0,0.0,0.0,0.0,0.0,0.0,0.0,1.3333333333333335,0.0,3.3333333333333335,0.0,0.0,0.0,0.0,0.0,0.0,0.0,0.0,2.5,0.0,0.0,0.0,20.0,0.0,0.0,1.282051282051282,0.0,0.0,0.0,0.0,0.0,0.0,0.0,0.0,0.0,0.0,0.6134969325153374,0.0,0.0,0.0,0.0,4.545454545454546,3.0303030303030303,0.0,1.7094017094017095,0.0,0.0,0.0,1.694915254237288,0.0,0.0,0.0,0.0,0.0,0.0,0.0,0.0,0.0,0.0,1.0,0.0,1.0638297872340425,0.0,0.0,0.0,0.0,0.7692307692307693,2.7777777777777777,0.0,1.0752688172043012,0.0,0.0,0.0,0.0,0.0,0.0,0.0,0.0,0.9345794392523363,0.0,2.0408163265306123,0.0,0.0,1.6129032258064515,0.0,0.0,1.3157894736842104,0.0,0.0,0.0,0.0,0.0,2.5,0.0,1.0416666666666665,2.0,0.0,0.0,0.0,0.0,0.0,1.1494252873563218,0.0,0.0,0.0,0.0,0.0,0.0,0.0,0.0,0.0,0.0,0.0,0.0,0.0,0.0,1.282051282051282,0.0,1.5151515151515151,0.0,0.0,0.0,0.0,0.0,1.1695906432748537,0.8,0.0,0.0,0.0,0.0,1.4492753623188406,1.5873015873015872,0.0,0.6802721088435374
27,0.0,0.0,0.0,0.0,0.0,0.0,0.0,0.0,0.0,0.0,0.8264462809917356,0.0,0.0,0.0,0.0,0.9708737864077669,3.571428571428571,0.0,0.0,0.0,0.0,0.0,0.0,0.0,0.0,0.0,0.0,0.0,0.0,0.0,0.0,0.0,0.0,0.0,0.0,1.5625,0.0,0.0,0.0,0.0,0.0,0.0,0.0,0.0,0.0,0.0,0.0,1.36986301369863,0.0,0.0,0.0,0.0,0.0,1.5873015873015872,0.0,0.0,0.0,0.0,1.2195121951219512,0.0,0.0,0.0,0.0,0.0,0.0,0.0,0.0,0.0,0.0,0.0,0.0,0.0,0.0,0.0,0.0,1.1235955056179776,0.6329113924050633,0.0,0.0,0.0,0.0,0.0,0.0,0.0,0.0,0.0,0.0,1.6129032258064515,0.0,0.0,0.0,0.0,0.0,0.0,0.0,0.0,0.0,0.0,0.0,0.0,0.0,0.0,0.0,10.0,0.0,0.0,0.0,0.0,0.0,0.0,0.0,0.4629629629629629,0.8888888888888888,0.0,0.0,0.0,0.0,0.0,0.0,0.0,1.5873015873015872,0.0,0.0,0.0,0.0,0.0,0.6756756756756757,0.0,0.6024096385542169,0.0,0.0,0.0,0.0,3.0303030303030303,0.0,0.0,0.0,0.0,0.0,0.0,0.0,0.0,0.0,0.0,0.0,0.0,1.3888888888888888,0.0,1.5625,0.5681818181818182,0.0,0.0,0.0,0.0,0.0,0.0,0.0,0.0,0.0,0.24813895781637718,1.0752688172043012,5.88235294117647,0.0,0.0,0.0,0.0,0.0,0.0,0.0,0.9345794392523363,0.7604562737642585,0.0,0.0,0.0,0.0,0.0,0.0,1.3157894736842104,0.0,0.0,0.0,0.0,0.0,0.0,0.0,0.0,0.0,2.158273381294964,1.1363636363636365,0.0,0.0,0.0,0.0,0.0,0.0,0.0,0.0,0.0,0.0,0.0,0.0,0.0,0.0,2.4390243902439024,0.0,0.0,0.0,1.282051282051282,0.0,0.0,0.0,0.0,0.0,0.0,1.2345679012345678,0.5847953216374269,0.0,2.631578947368421,0.0,0.0,0.0,1.4492753623188406,0.0,0.0,0.0
28,0.0,0.0,0.0,0.0,0.0,0.0,0.0,0.0,0.0,0.0,0.0,0.0,0.0,0.0,0.0,0.0,0.0,0.0,1.3333333333333335,1.0638297872340425,0.0,4.0,0.0,0.0,1.4285714285714286,0.0,0.0,0.0,0.0,0.0,0.0,0.0,0.0,0.0,0.0,0.0,0.0,0.0,0.0,1.3513513513513513,0.0,1.1627906976744187,0.0,0.0,0.0,0.5319148936170213,0.0,0.0,3.125,0.0,0.0,0.0,0.0,0.0,1.4705882352941175,0.0,0.7874015748031495,0.0,0.0,2.127659574468085,0.0,0.0,0.0,0.0,0.0,0.0,0.0,0.0,0.0,1.4705882352941175,0.0,0.0,0.0,0.0,0.0,1.1235955056179776,0.0,0.0,0.0,0.0,0.0,0.0,0.0,0.0,0.0,0.0,0.0,0.0,0.0,0.0,0.0,0.0,0.0,0.0,0.0,0.0,0.0,0.0,0.0,0.0,0.0,0.0,0.0,0.0,0.0,0.0,0.0,0.0,0.0,1.25,0.0,0.0,0.4444444444444444,0.0,0.0,0.0,0.0,0.0,0.0,0.0,0.0,0.0,0.0,0.0,0.0,0.0,0.0,0.0,0.0,0.0,1.0752688172043012,0.0,0.0,0.0,0.0,0.0,0.0,0.0,0.0,0.0,0.0,2.380952380952381,0.0,0.0,0.0,0.0,0.0,0.0,0.0,0.0,1.0,0.0,0.0,0.0,0.0,1.8518518518518516,0.0,0.0,0.0,0.0,0.0,0.0,2.083333333333333,0.0,0.0,0.0,0.0,1.694915254237288,0.0,0.0,0.0,0.0,0.0,0.0,0.0,0.0,0.0,0.0,0.0,0.0,0.0,0.0,0.0,0.0,0.0,2.083333333333333,0.0,1.4388489208633095,0.0,0.0,0.0,0.0,1.1494252873563218,0.0,0.0,1.0869565217391304,4.545454545454546,0.0,0.0,0.0,0.0,0.0,0.0,0.0,0.0,1.8181818181818181,0.0,0.0,0.0,0.0,0.0,0.0,0.0,0.0,0.0,0.5847953216374269,0.0,0.0,0.0,0.0,0.0,0.0,0.0,0.0,0.0
29,0.0,0.3246753246753247,0.0,0.0,0.0,0.0,0.0,0.0,0.0,1.639344262295082,0.0,0.0,0.9090909090909091,1.4705882352941175,0.0,0.0,0.0,0.0,0.0,0.0,0.0,0.0,0.0,0.0,0.0,0.0,0.0,0.0,0.0,0.0,0.0,0.0,0.0,1.1363636363636365,0.0,0.0,0.0,0.0,0.0,0.0,0.0,0.0,0.0,0.0,0.8620689655172413,0.5319148936170213,0.0,0.0,0.0,0.0,0.0,0.0,0.0,1.5873015873015872,1.4705882352941175,0.0,0.0,0.0,0.0,0.0,0.0,0.0,0.0,0.0,0.0,0.0,0.0,0.0,0.0,0.0,0.0,0.0,0.0,0.0,0.0,1.1235955056179776,0.0,0.0,0.0,0.0,0.0,0.0,0.0,0.0,0.0,0.0,0.0,0.0,0.0,0.0,0.0,0.0,0.0,0.0,0.0,0.0,0.0,0.0,0.0,0.0,0.0,0.0,1.3888888888888888,0.0,0.0,0.0,0.0,0.0,0.0,0.0,0.0,0.0,0.0,0.0,0.0,0.0,1.282051282051282,0.0,0.0,0.0,0.0,0.0,0.0,0.0,1.0638297872340425,0.0,0.0,0.0,0.0,0.0,1.0752688172043012,0.49504950495049505,0.0,0.0,0.0,0.0,0.0,0.9345794392523363,0.0,0.0,1.5151515151515151,0.0,0.0,0.0,0.0,0.0,0.0,0.0,0.0,0.5681818181818182,0.0,3.1746031746031744,0.0,0.0,0.0,0.0,0.0,0.0,0.0,0.0,0.0,0.0,0.0,0.0,0.0,0.9803921568627451,0.0,0.0,0.0,0.0,0.0,0.0,0.0,0.0,0.0,0.0,0.0,0.0,0.0,0.0,0.0,0.0,0.0,0.0,0.0,0.0,0.0,0.0,0.0,0.0,0.0,0.0,0.0,0.0,0.0,1.0869565217391304,0.0,0.0,0.0,0.0,0.0,0.0,0.0,0.0,0.0,0.0,0.0,0.0,0.0,0.0,0.0,0.0,2.3255813953488373,0.0,2.4691358024691357,0.0,0.0,0.0,0.0,0.0,1.4492753623188406,0.0,0.0,0.0,0.0
