,Normal_kandari_athorbo1.doc,Normal_kandari_athorbo10.doc,Normal_kandari_athorbo100.doc,Normal_kandari_athorbo101.doc,Normal_kandari_athorbo102.doc,Normal_kandari_athorbo103.doc,Normal_kandari_athorbo104.doc,Normal_kandari_athorbo105.doc,Normal_kandari_athorbo106.doc,Normal_kandari_athorbo107.doc,Normal_kandari_athorbo108.doc,Normal_kandari_athorbo109.doc,Normal_kandari_athorbo11.doc,Normal_kandari_athorbo110.doc,Normal_kandari_athorbo111.doc,Normal_kandari_athorbo112.doc,Normal_kandari_athorbo113.doc,Normal_kandari_athorbo114.doc,Normal_kandari_athorbo115.doc,Normal_kandari_athorbo116.doc,Normal_kandari_athorbo117.doc,Normal_kandari_athorbo118.doc,Normal_kandari_athorbo119.doc,Normal_kandari_athorbo12.doc,Normal_kandari_athorbo120.doc,Normal_kandari_athorbo121.doc,Normal_kandari_athorbo122.doc,Normal_kandari_athorbo123.doc,Normal_kandari_athorbo124.doc,Normal_kandari_athorbo125.doc,Normal_kandari_athorbo126.doc,Normal_kandari_athorbo127.doc,Normal_kandari_athorbo128.doc,Normal_kandari_athorbo129.doc,Normal_kandari_athorbo13.doc,Normal_kandari_athorbo130.doc,Normal_kandari_athorbo131.doc,Normal_kandari_athorbo132.doc,Normal_kandari_athorbo133.doc,Normal_kandari_athorbo134.doc,Normal_kandari_athorbo135.doc,Normal_kandari_athorbo136.doc,Normal_kandari_athorbo137.doc,Normal_kandari_athorbo138.doc,Normal_kandari_athorbo14.doc,Normal_kandari_athorbo15.doc,Normal_kandari_athorbo16.doc,Normal_kandari_athorbo17.doc,Normal_kandari_athorbo18.doc,Normal_kandari_athorbo19.doc,Normal_kandari_athorbo2.doc,Normal_kandari_athorbo20.doc,Normal_kandari_athorbo21.doc,Normal_kandari_athorbo22.doc,Normal_kandari_athorbo23.doc,Normal_kandari_athorbo24.doc,Normal_kandari_athorbo25.doc,Normal_kandari_athorbo26.doc,Normal_kandari_athorbo27.doc,Normal_kandari_athorbo28.doc,Normal_kandari_athorbo29.doc,Normal_kandari_athorbo3.doc,Normal_kandari_athorbo30.doc,Normal_kandari_athorbo31.doc,Normal_kandari_athorbo32.doc,Normal_kandari_athorbo33.doc,Normal_kandari_athorbo34.doc,Normal_kandari_athorbo35.doc,Normal_kandari_athorbo36.doc,Normal_kandari_athorbo37.doc,Normal_kandari_athorbo38.doc,Normal_kandari_athorbo39.doc,Normal_kandari_athorbo4.doc,Normal_kandari_athorbo40.doc,Normal_kandari_athorbo41.doc,Normal_kandari_athorbo42.doc,Normal_kandari_athorbo43.doc,Normal_kandari_athorbo44.doc,Normal_kandari_athorbo45.doc,Normal_kandari_athorbo46.doc,Normal_kandari_athorbo47.doc,Normal_kandari_athorbo48.doc,Normal_kandari_athorbo49.doc,Normal_kandari_athorbo5.doc,Normal_kandari_athorbo50.doc,Normal_kandari_athorbo51.doc,Normal_kandari_athorbo52.doc,Normal_kandari_athorbo53.doc,Normal_kandari_athorbo54.doc,Normal_kandari_athorbo55.doc,Normal_kandari_athorbo56.doc,Normal_kandari_athorbo57.doc,Normal_kandari_athorbo58.doc,Normal_kandari_athorbo59.doc,Normal_kandari_athorbo6.doc,Normal_kandari_athorbo60.doc,Normal_kandari_athorbo61.doc,Normal_kandari_athorbo62.doc,Normal_kandari_athorbo63.doc,Normal_kandari_athorbo64.doc,Normal_kandari_athorbo65.doc,Normal_kandari_athorbo66.doc,Normal_kandari_athorbo67.doc,Normal_kandari_athorbo68.doc,Normal_kandari_athorbo69.doc,Normal_kandari_athorbo7.doc,Normal_kandari_athorbo70.doc,Normal_kandari_athorbo71.doc,Normal_kandari_athorbo72.doc,Normal_kandari_athorbo73.doc,Normal_kandari_athorbo74.doc,Normal_kandari_athorbo75.doc,Normal_kandari_athorbo76.doc,Normal_kandari_athorbo77.doc,Normal_kandari_athorbo78.doc,Normal_kandari_athorbo79.doc,Normal_kandari_athorbo8.doc,Normal_kandari_athorbo80.doc,Normal_kandari_athorbo81.doc,Normal_kandari_athorbo82.doc,Normal_kandari_athorbo83.doc,Normal_kandari_athorbo84.doc,Normal_kandari_athorbo85.doc,Normal_kandari_athorbo86.doc,Normal_kandari_athorbo87.doc,Normal_kandari_athorbo88.doc,Normal_kandari_athorbo89.doc,Normal_kandari_athorbo9.doc,Normal_kandari_athorbo90.doc,Normal_kandari_athorbo91.doc,Normal_kandari_athorbo92.doc,Normal_kandari_athorbo93.doc,Normal_kandari_athorbo94.doc,Normal_kandari_athorbo95.doc,Normal_kandari_athorbo96.doc,Normal_kandari_athorbo97.doc,Normal_kandari_athorbo98.doc,Normal_kandari_athorbo99.doc
1,0.0,0.0,2.158273381294964,0.9523809523809524,1.9607843137254901,0.0,0.0,0.0,0.6993006993006993,0.0,2.459016393442623,0.0,0.0,0.36496350364963503,0.0,8.333333333333332,0.0,0.0,5.4945054945054945,0.0,0.0,8.16326530612245,11.504424778761061,0.0,1.7699115044247788,0.0,0.0,0.8185538881309686,0.0,7.575757575757576,0.0,0.0,0.0,0.0,7.638888888888889,0.0,0.0,10.75,0.0,0.0,0.0,1.098901098901099,0.0,4.232804232804233,0.9174311926605505,0.0,0.5102040816326531,4.6875,0.0,0.0,15.436241610738255,4.1208791208791204,2.0408163265306123,2.2900763358778624,12.5,0.0,7.142857142857142,0.0,2.572347266881029,2.5974025974025974,1.7877094972067038,0.0,0.0,2.8391167192429023,13.846153846153847,4.635761589403973,17.647058823529413,0.0,0.0,0.0,0.0,0.0,0.0,2.0,0.0,0.0,0.0,2.770780856423174,5.511811023622047,0.0,0.0,3.0303030303030303,0.0,15.789473684210526,3.3333333333333335,2.2222222222222223,0.0,0.0,4.117647058823529,0.0,3.389830508474576,0.0,0.0,0.0,0.0,0.0,0.0,0.0,4.232804232804233,0.0,0.0,0.0,0.0,22.22222222222222,0.0,0.0,0.5899705014749262,0.0,0.0,0.0,0.0,0.0,0.0,0.0,23.076923076923077,2.42914979757085,6.224066390041494,0.0,0.0,0.0,0.0,0.0,2.5423728813559325,1.5625,0.0,0.0,0.0,0.0,0.0,1.257861635220126,2.380952380952381,0.0,0.0,0.0,1.6666666666666667,5.747126436781609,5.472636815920398,0.0
2,0.0,2.1645021645021645,2.158273381294964,0.0,0.0,0.0,0.0,0.0,1.3986013986013985,0.5319148936170213,1.366120218579235,0.0,0.0,1.094890510948905,0.0,0.0,0.0,0.0,1.6483516483516485,0.0,0.847457627118644,1.6326530612244898,8.849557522123893,0.0,3.0973451327433628,0.0,0.4716981132075472,2.1828103683492497,0.0,2.7777777777777777,0.49019607843137253,0.0,0.0,0.0,5.555555555555555,0.0,1.5463917525773196,1.7500000000000002,0.974025974025974,0.0,0.0,0.0,0.0,0.5291005291005291,0.0,11.11111111111111,0.0,5.208333333333334,0.0,0.0,0.6711409395973155,1.6483516483516485,0.0,4.580152671755725,0.0,3.7037037037037033,0.0,0.0,2.7331189710610935,0.0,3.016759776536313,0.0,0.0,3.7854889589905363,0.0,3.3112582781456954,0.0,0.0,0.0,2.631578947368421,0.0,3.048780487804878,1.4354066985645932,5.0,2.0,1.8867924528301887,0.0,4.785894206549118,9.448818897637794,0.0,1.0752688172043012,0.0,0.0,0.0,0.0,0.0,0.0,0.0,0.0,2.3255813953488373,10.16949152542373,0.0,0.0,0.0,0.0,0.0,0.0,0.0,3.7037037037037033,0.0,0.0,0.0,0.0,0.0,0.0,0.0,1.7699115044247788,1.9230769230769231,0.0,0.0,0.0,0.0,0.0,0.0,0.0,2.834008097165992,3.319502074688797,0.0,0.0,0.0,10.0,0.7352941176470588,2.5423728813559325,0.0,0.0,2.5,25.0,0.0,0.0,3.7735849056603774,0.0,0.0,4.761904761904762,2.2222222222222223,0.9523809523809524,1.1494252873563218,1.9900497512437811,1.9607843137254901
3,0.0,1.7316017316017316,7.913669064748201,1.9047619047619049,0.0,0.0,3.4482758620689653,0.0,0.0,1.0638297872340425,4.918032786885246,0.0,0.7246376811594203,0.7299270072992701,0.0,4.166666666666666,0.9433962264150944,5.263157894736842,6.593406593406594,0.0,2.5423728813559325,2.4489795918367347,0.8849557522123894,0.9345794392523363,9.29203539823009,0.0,2.8301886792452833,6.2755798090040935,0.0,3.535353535353535,0.49019607843137253,0.0,0.9302325581395349,4.62962962962963,6.25,0.0,3.0927835051546393,3.5000000000000004,3.2467532467532463,0.0,4.3478260869565215,2.197802197802198,0.0,2.6455026455026456,0.9174311926605505,0.0,0.0,3.125,1.4285714285714286,0.0,1.342281879194631,2.7472527472527473,2.0408163265306123,5.343511450381679,12.5,0.0,0.0,0.7194244604316548,4.983922829581994,0.0,5.698324022346369,0.0,0.0,3.7854889589905363,1.5384615384615385,5.298013245033113,0.0,0.0,0.0,2.631578947368421,0.0,0.6097560975609756,2.8708133971291865,2.0,2.0,3.7735849056603774,1.2658227848101267,5.541561712846348,10.236220472440944,1.098901098901099,0.0,6.0606060606060606,0.0,0.0,0.0,2.2222222222222223,0.0,4.10958904109589,1.1764705882352942,2.3255813953488373,1.694915254237288,7.142857142857142,0.0,8.108108108108109,0.0,0.0,0.0,0.0,6.349206349206349,0.0,3.9215686274509802,3.5294117647058822,0.0,0.0,0.847457627118644,0.0,3.2448377581120944,2.8846153846153846,0.0,0.6211180124223602,0.0,2.5423728813559325,0.0,0.0,0.0,4.8582995951417,6.639004149377594,0.0,0.0,0.0,2.5,0.0,3.389830508474576,3.125,0.0,2.5,0.0,12.5,0.0,6.918238993710692,0.0,0.0,0.0,0.0,1.1904761904761905,5.172413793103448,2.9850746268656714,0.0
4,0.0,5.627705627705628,11.510791366906476,1.9047619047619049,7.8431372549019605,0.0,4.137931034482759,0.0,2.097902097902098,3.723404255319149,7.103825136612022,0.0,0.7246376811594203,4.014598540145985,4.615384615384616,0.0,5.660377358490567,0.0,4.395604395604396,11.76470588235294,1.694915254237288,4.8979591836734695,0.0,5.14018691588785,11.061946902654867,0.0,9.433962264150944,7.094133697135062,8.333333333333332,5.303030303030303,2.450980392156863,0.0,3.7209302325581395,5.555555555555555,16.666666666666664,0.0,3.0927835051546393,5.75,5.194805194805195,0.0,6.211180124223603,1.098901098901099,1.7857142857142856,4.232804232804233,3.669724770642202,0.0,3.061224489795918,7.291666666666667,1.4285714285714286,0.0,4.026845637583892,6.868131868131869,0.0,9.16030534351145,0.0,0.0,0.0,2.877697841726619,7.556270096463022,3.896103896103896,7.709497206703911,0.0,0.0,5.3627760252365935,0.0,1.9867549668874174,0.0,4.081632653061225,0.0,0.0,3.7037037037037033,3.6585365853658534,4.30622009569378,4.0,0.0,7.547169811320755,0.0,8.060453400503778,9.448818897637794,4.395604395604396,3.225806451612903,12.121212121212121,5.0,0.0,2.2222222222222223,0.0,0.0,9.58904109589041,2.3529411764705883,0.0,0.0,9.523809523809524,14.285714285714285,8.108108108108109,0.0,6.25,0.0,0.0,5.82010582010582,0.0,5.228758169934641,0.0,14.285714285714285,0.0,4.23728813559322,2.857142857142857,7.079646017699115,9.615384615384617,2.4390243902439024,6.211180124223603,8.333333333333332,2.5423728813559325,0.0,0.0,0.0,7.28744939271255,13.692946058091287,0.0,0.0,0.0,2.5,0.7352941176470588,6.779661016949152,1.5625,0.0,3.75,0.0,12.5,8.0,6.918238993710692,2.380952380952381,9.523809523809524,14.285714285714285,8.88888888888889,4.285714285714286,5.172413793103448,5.472636815920398,0.0
5,0.0,7.792207792207792,7.194244604316546,2.857142857142857,0.0,0.0,12.413793103448276,0.0,0.0,1.5957446808510638,6.284153005464481,0.0,6.521739130434782,7.664233576642336,0.0,20.833333333333336,6.60377358490566,5.263157894736842,5.4945054945054945,0.0,3.389830508474576,7.346938775510205,4.424778761061947,7.476635514018691,10.619469026548673,6.25,9.90566037735849,8.867667121418826,8.333333333333332,4.292929292929292,3.9215686274509802,0.0,4.651162790697675,6.481481481481481,13.194444444444445,0.0,7.731958762886598,6.5,6.8181818181818175,0.0,8.074534161490684,4.395604395604396,2.6785714285714284,5.82010582010582,3.669724770642202,11.11111111111111,2.0408163265306123,7.291666666666667,5.714285714285714,0.0,2.013422818791946,7.967032967032966,8.16326530612245,16.793893129770993,0.0,3.7037037037037033,0.0,3.597122302158273,11.414790996784566,2.5974025974025974,11.1731843575419,0.0,6.25,10.094637223974763,1.5384615384615385,7.28476821192053,5.88235294117647,0.0,0.0,5.263157894736842,3.7037037037037033,8.536585365853659,3.827751196172249,7.000000000000001,4.0,7.547169811320755,0.0,9.06801007556675,10.236220472440944,5.4945054945054945,5.376344086021505,12.121212121212121,0.0,0.0,0.0,0.0,0.0,5.47945205479452,3.5294117647058822,6.976744186046512,3.389830508474576,11.904761904761903,0.0,2.7027027027027026,0.0,4.166666666666666,0.0,0.0,12.16931216931217,0.0,11.11111111111111,2.3529411764705883,21.428571428571427,0.0,5.084745762711865,0.0,6.489675516224189,4.807692307692308,12.195121951219512,7.453416149068323,0.0,5.084745762711865,0.0,25.0,7.6923076923076925,8.502024291497975,11.618257261410788,0.0,0.0,0.0,2.5,4.411764705882353,11.016949152542372,3.125,3.0303030303030303,2.5,0.0,12.5,0.0,6.289308176100629,0.0,9.523809523809524,0.0,0.0,5.0,9.195402298850574,6.467661691542288,1.9607843137254901
6,0.0,5.194805194805195,12.949640287769784,6.666666666666667,5.88235294117647,0.0,8.96551724137931,4.615384615384616,4.895104895104895,9.574468085106384,11.475409836065573,9.090909090909092,3.6231884057971016,13.86861313868613,4.615384615384616,4.166666666666666,12.264150943396226,0.0,5.4945054945054945,11.76470588235294,5.084745762711865,6.938775510204081,5.3097345132743365,8.878504672897195,9.734513274336283,0.0,9.433962264150944,8.867667121418826,0.0,4.797979797979798,4.411764705882353,0.0,10.69767441860465,4.62962962962963,9.027777777777777,14.285714285714285,8.762886597938143,4.75,10.38961038961039,0.0,9.316770186335404,4.395604395604396,7.142857142857142,11.11111111111111,6.422018348623854,11.11111111111111,6.122448979591836,14.583333333333334,2.857142857142857,0.0,4.697986577181208,9.340659340659341,6.122448979591836,11.450381679389313,12.5,0.0,7.142857142857142,5.755395683453238,11.254019292604502,2.5974025974025974,11.28491620111732,0.0,3.125,11.35646687697161,4.615384615384616,7.28476821192053,5.88235294117647,4.081632653061225,0.0,10.526315789473683,3.7037037037037033,7.926829268292683,3.827751196172249,6.0,0.0,3.7735849056603774,6.329113924050633,11.335012594458437,11.023622047244094,7.6923076923076925,6.451612903225806,6.0606060606060606,10.0,0.0,6.666666666666667,4.444444444444445,0.0,5.47945205479452,4.117647058823529,2.3255813953488373,3.389830508474576,4.761904761904762,0.0,5.405405405405405,0.0,2.083333333333333,0.0,0.0,11.11111111111111,0.0,8.49673202614379,1.1764705882352942,0.0,0.0,7.627118644067797,11.428571428571429,6.1946902654867255,5.769230769230769,4.878048780487805,8.074534161490684,0.0,6.779661016949152,0.0,0.0,15.384615384615385,8.906882591093117,11.618257261410788,0.0,5.555555555555555,0.0,10.0,5.147058823529411,8.47457627118644,1.5625,0.0,1.25,12.5,0.0,0.0,11.949685534591195,2.380952380952381,4.761904761904762,4.761904761904762,8.88888888888889,6.904761904761905,8.620689655172415,5.970149253731343,3.9215686274509802
7,0.0,7.792207792207792,7.194244604316546,1.9047619047619049,5.88235294117647,9.090909090909092,15.172413793103448,6.153846153846154,1.3986013986013985,7.446808510638298,10.655737704918032,0.0,8.695652173913043,10.948905109489052,3.076923076923077,4.166666666666666,2.8301886792452833,0.0,11.538461538461538,11.76470588235294,8.47457627118644,11.020408163265307,8.849557522123893,11.214953271028037,12.389380530973451,0.0,10.849056603773585,6.957708049113233,0.0,4.545454545454546,9.803921568627452,0.0,10.232558139534884,9.25925925925926,7.638888888888889,0.0,11.855670103092782,5.75,10.38961038961039,0.0,12.422360248447205,4.395604395604396,7.738095238095238,8.465608465608465,6.422018348623854,0.0,5.612244897959184,11.979166666666668,10.0,33.33333333333333,8.724832214765101,10.714285714285714,10.204081632653061,12.213740458015266,0.0,0.0,0.0,5.0359712230215825,9.646302250803858,11.688311688311687,9.608938547486034,0.0,0.0,10.094637223974763,3.076923076923077,9.933774834437086,0.0,2.0408163265306123,0.0,0.0,0.0,3.6585365853658534,8.61244019138756,12.0,4.0,7.547169811320755,3.79746835443038,8.816120906801007,9.448818897637794,5.4945054945054945,9.67741935483871,3.0303030303030303,10.0,8.771929824561402,2.2222222222222223,8.88888888888889,0.0,5.47945205479452,11.176470588235295,2.3255813953488373,1.694915254237288,9.523809523809524,14.285714285714285,5.405405405405405,14.285714285714285,4.166666666666666,0.0,2.380952380952381,9.523809523809524,0.0,13.071895424836603,8.235294117647058,0.0,0.0,5.084745762711865,14.285714285714285,7.079646017699115,8.653846153846153,9.75609756097561,10.559006211180124,0.0,14.40677966101695,0.0,0.0,7.6923076923076925,12.550607287449392,12.863070539419086,0.0,0.0,0.0,0.0,2.2058823529411766,9.322033898305085,9.375,3.0303030303030303,8.75,0.0,0.0,4.0,8.80503144654088,11.904761904761903,4.761904761904762,4.761904761904762,4.444444444444445,6.904761904761905,10.919540229885058,2.4875621890547266,9.803921568627452
8,0.0,13.41991341991342,5.0359712230215825,7.6190476190476195,3.9215686274509802,0.0,7.586206896551724,6.153846153846154,3.4965034965034967,8.51063829787234,9.01639344262295,9.090909090909092,10.869565217391305,7.664233576642336,1.5384615384615385,4.166666666666666,8.49056603773585,5.263157894736842,7.6923076923076925,0.0,7.627118644067797,10.204081632653061,4.424778761061947,8.878504672897195,7.079646017699115,18.75,13.679245283018867,7.503410641200546,0.0,6.565656565656567,4.411764705882353,0.0,9.30232558139535,11.11111111111111,4.861111111111112,0.0,9.793814432989691,10.0,11.363636363636363,0.0,8.074534161490684,4.395604395604396,8.333333333333332,6.878306878306878,6.422018348623854,0.0,4.591836734693878,9.895833333333332,8.571428571428571,0.0,4.697986577181208,10.164835164835164,6.122448979591836,8.396946564885496,0.0,11.11111111111111,0.0,5.0359712230215825,9.163987138263666,2.5974025974025974,9.608938547486034,0.0,0.0,8.517350157728707,7.6923076923076925,13.90728476821192,0.0,2.0408163265306123,12.5,5.263157894736842,0.0,8.536585365853659,7.177033492822966,14.000000000000002,4.0,9.433962264150944,11.39240506329114,9.06801007556675,7.086614173228346,6.593406593406594,10.75268817204301,15.151515151515152,5.0,3.508771929824561,3.3333333333333335,4.444444444444445,0.0,12.32876712328767,5.88235294117647,6.976744186046512,8.47457627118644,16.666666666666664,0.0,8.108108108108109,14.285714285714285,0.0,0.0,4.761904761904762,9.523809523809524,0.0,11.11111111111111,5.88235294117647,0.0,0.0,7.627118644067797,8.571428571428571,4.129793510324483,8.653846153846153,12.195121951219512,9.316770186335404,0.0,12.711864406779661,0.0,25.0,0.0,10.121457489878543,5.394190871369295,0.0,5.555555555555555,0.0,0.0,5.88235294117647,8.47457627118644,12.5,3.0303030303030303,11.25,0.0,0.0,4.0,8.80503144654088,11.904761904761903,9.523809523809524,0.0,11.11111111111111,5.714285714285714,9.482758620689655,8.45771144278607,7.8431372549019605
9,0.0,7.35930735930736,7.913669064748201,13.333333333333334,7.8431372549019605,0.0,8.275862068965518,4.615384615384616,2.797202797202797,5.319148936170213,10.382513661202186,0.0,7.246376811594203,10.583941605839415,4.615384615384616,4.166666666666666,3.7735849056603774,0.0,6.593406593406594,11.76470588235294,8.47457627118644,5.3061224489795915,3.5398230088495577,7.476635514018691,6.637168141592921,18.75,6.60377358490566,8.458390177353342,8.333333333333332,6.0606060606060606,11.27450980392157,0.0,8.372093023255815,10.185185185185185,4.861111111111112,0.0,4.123711340206185,5.25,6.493506493506493,0.0,9.316770186335404,5.4945054945054945,6.845238095238096,10.582010582010582,9.174311926605505,0.0,7.142857142857142,8.333333333333332,2.857142857142857,0.0,4.697986577181208,11.538461538461538,0.0,6.870229007633588,0.0,3.7037037037037033,0.0,2.877697841726619,8.038585209003216,7.792207792207792,8.268156424581004,0.0,3.125,10.094637223974763,1.5384615384615385,7.9470198675496695,0.0,12.244897959183673,0.0,2.631578947368421,0.0,6.097560975609756,8.61244019138756,9.0,10.0,3.7735849056603774,7.59493670886076,5.037783375314862,3.149606299212598,8.791208791208792,8.60215053763441,6.0606060606060606,10.0,7.017543859649122,3.3333333333333335,2.2222222222222223,0.0,5.47945205479452,8.823529411764707,13.953488372093023,5.084745762711865,7.142857142857142,0.0,0.0,0.0,10.416666666666668,0.0,2.380952380952381,9.523809523809524,0.0,8.49673202614379,4.705882352941177,0.0,0.0,7.627118644067797,5.714285714285714,8.55457227138643,12.5,12.195121951219512,6.832298136645963,0.0,4.23728813559322,0.0,0.0,0.0,8.097165991902834,6.639004149377594,0.0,0.0,0.0,2.5,7.352941176470589,11.864406779661017,6.25,3.0303030303030303,11.25,0.0,12.5,4.0,8.176100628930817,11.904761904761903,4.761904761904762,4.761904761904762,4.444444444444445,7.857142857142857,5.459770114942529,3.9800995024875623,3.9215686274509802
10,0.0,8.225108225108226,7.194244604316546,6.666666666666667,3.9215686274509802,0.0,6.896551724137931,3.076923076923077,3.4965034965034967,8.51063829787234,9.01639344262295,18.181818181818183,7.246376811594203,9.124087591240876,4.615384615384616,0.0,9.433962264150944,5.263157894736842,7.6923076923076925,0.0,6.779661016949152,5.714285714285714,9.734513274336283,7.943925233644859,4.867256637168142,12.5,8.018867924528301,5.457025920873124,0.0,3.535353535353535,5.88235294117647,0.0,6.976744186046512,9.25925925925926,4.166666666666666,0.0,5.670103092783505,6.75,8.441558441558442,0.0,6.211180124223603,14.285714285714285,5.357142857142857,3.7037037037037033,11.009174311926607,0.0,4.591836734693878,3.6458333333333335,11.428571428571429,0.0,6.0402684563758395,8.791208791208792,12.244897959183673,5.343511450381679,0.0,7.4074074074074066,0.0,5.755395683453238,6.913183279742766,7.792207792207792,6.368715083798883,0.0,3.125,5.678233438485805,3.076923076923077,7.28476821192053,5.88235294117647,6.122448979591836,12.5,7.894736842105263,7.4074074074074066,4.878048780487805,9.090909090909092,8.0,6.0,5.660377358490567,6.329113924050633,7.052896725440807,7.086614173228346,1.098901098901099,16.129032258064516,3.0303030303030303,0.0,5.263157894736842,3.3333333333333335,6.666666666666667,0.0,10.95890410958904,4.117647058823529,0.0,3.389830508474576,4.761904761904762,0.0,5.405405405405405,0.0,6.25,0.0,14.285714285714285,4.761904761904762,0.0,7.18954248366013,9.411764705882353,7.142857142857142,0.0,7.627118644067797,8.571428571428571,6.1946902654867255,10.576923076923077,7.317073170731707,8.695652173913043,0.0,7.627118644067797,16.666666666666664,0.0,7.6923076923076925,6.882591093117409,4.564315352697095,0.0,0.0,20.0,2.5,9.558823529411764,3.389830508474576,10.9375,0.0,3.75,0.0,0.0,4.0,5.660377358490567,4.761904761904762,4.761904761904762,0.0,4.444444444444445,8.095238095238095,6.896551724137931,4.477611940298507,5.88235294117647
11,40.0,5.627705627705628,3.597122302158273,5.714285714285714,3.9215686274509802,0.0,6.896551724137931,7.6923076923076925,6.993006993006993,6.914893617021277,7.650273224043716,9.090909090909092,5.072463768115942,6.204379562043796,6.153846153846154,8.333333333333332,16.037735849056602,5.263157894736842,6.043956043956044,5.88235294117647,3.389830508474576,4.8979591836734695,7.964601769911504,8.411214953271028,6.1946902654867255,0.0,1.8867924528301887,5.0477489768076405,16.666666666666664,3.787878787878788,6.372549019607843,0.0,13.953488372093023,7.4074074074074066,5.555555555555555,0.0,4.639175257731959,6.25,6.493506493506493,0.0,7.453416149068323,6.593406593406594,7.142857142857142,5.82010582010582,3.669724770642202,0.0,9.183673469387756,7.8125,4.285714285714286,0.0,3.3557046979865772,5.21978021978022,6.122448979591836,3.0534351145038165,12.5,7.4074074074074066,0.0,8.633093525179856,5.466237942122187,6.493506493506493,5.698324022346369,0.0,6.25,7.570977917981073,1.5384615384615385,6.622516556291391,11.76470588235294,8.16326530612245,12.5,2.631578947368421,3.7037037037037033,4.2682926829268295,6.220095693779904,4.0,6.0,1.8867924528301887,8.860759493670885,6.54911838790932,3.937007874015748,2.197802197802198,7.526881720430108,0.0,0.0,7.017543859649122,4.444444444444445,6.666666666666667,0.0,4.10958904109589,6.470588235294119,0.0,0.0,4.761904761904762,0.0,5.405405405405405,14.285714285714285,4.166666666666666,0.0,4.761904761904762,4.761904761904762,0.0,9.803921568627452,4.705882352941177,0.0,0.0,6.779661016949152,0.0,4.424778761061947,3.8461538461538463,2.4390243902439024,5.590062111801243,8.333333333333332,1.694915254237288,0.0,0.0,0.0,5.668016194331984,3.7344398340248963,0.0,5.555555555555555,0.0,2.5,6.61764705882353,4.23728813559322,4.6875,3.0303030303030303,6.25,0.0,0.0,8.0,2.515723270440252,7.142857142857142,14.285714285714285,0.0,13.333333333333334,5.952380952380952,6.321839080459771,2.4875621890547266,3.9215686274509802
12,0.0,5.627705627705628,2.877697841726619,9.523809523809524,5.88235294117647,0.0,4.827586206896552,0.0,6.993006993006993,6.914893617021277,3.551912568306011,9.090909090909092,4.3478260869565215,5.839416058394161,6.153846153846154,4.166666666666666,8.49056603773585,10.526315789473683,4.395604395604396,5.88235294117647,4.23728813559322,3.6734693877551026,5.3097345132743365,4.672897196261682,3.5398230088495577,6.25,3.30188679245283,4.229195088676671,8.333333333333332,4.040404040404041,5.88235294117647,20.0,6.976744186046512,6.481481481481481,4.166666666666666,0.0,4.639175257731959,3.75,7.142857142857142,0.0,3.1055900621118013,14.285714285714285,8.035714285714286,8.465608465608465,5.5045871559633035,0.0,5.1020408163265305,2.604166666666667,5.714285714285714,0.0,8.053691275167784,4.395604395604396,6.122448979591836,3.0534351145038165,12.5,0.0,0.0,7.913669064748201,4.019292604501608,2.5974025974025974,3.910614525139665,0.0,0.0,4.416403785488959,6.153846153846154,7.28476821192053,5.88235294117647,6.122448979591836,0.0,2.631578947368421,0.0,6.707317073170732,9.090909090909092,4.0,6.0,3.7735849056603774,3.79746835443038,3.7783375314861463,5.511811023622047,5.4945054945054945,5.376344086021505,9.090909090909092,5.0,5.263157894736842,3.3333333333333335,11.11111111111111,21.428571428571427,2.73972602739726,4.117647058823529,0.0,8.47457627118644,4.761904761904762,0.0,8.108108108108109,0.0,6.25,0.0,16.666666666666664,3.1746031746031744,0.0,5.88235294117647,7.0588235294117645,0.0,22.22222222222222,5.932203389830509,11.428571428571429,2.359882005899705,4.807692307692308,9.75609756097561,3.7267080745341614,0.0,2.5423728813559325,0.0,0.0,0.0,4.4534412955465585,3.7344398340248963,0.0,0.0,0.0,0.0,3.6764705882352944,6.779661016949152,6.25,3.0303030303030303,5.0,12.5,12.5,0.0,7.547169811320755,0.0,0.0,0.0,11.11111111111111,6.904761904761905,4.022988505747127,2.9850746268656714,3.9215686274509802
13,20.0,5.194805194805195,1.4388489208633095,6.666666666666667,3.9215686274509802,0.0,3.4482758620689653,1.5384615384615385,4.195804195804196,9.042553191489363,2.185792349726776,0.0,5.072463768115942,5.109489051094891,12.307692307692308,0.0,4.716981132075472,0.0,3.8461538461538463,0.0,7.627118644067797,6.122448979591836,2.6548672566371683,4.672897196261682,1.7699115044247788,0.0,3.7735849056603774,3.819918144611187,0.0,4.545454545454546,4.411764705882353,0.0,4.651162790697675,5.555555555555555,2.083333333333333,28.57142857142857,4.123711340206185,4.25,4.870129870129871,0.0,4.3478260869565215,3.296703296703297,6.547619047619048,6.349206349206349,3.669724770642202,0.0,4.591836734693878,4.166666666666666,2.857142857142857,0.0,4.026845637583892,4.945054945054945,2.0408163265306123,4.580152671755725,0.0,3.7037037037037033,7.142857142857142,7.194244604316546,3.376205787781351,3.896103896103896,2.793296089385475,12.5,12.5,3.4700315457413247,4.615384615384616,2.6490066225165565,0.0,8.16326530612245,0.0,0.0,7.4074074074074066,6.097560975609756,3.827751196172249,4.0,14.000000000000002,5.660377358490567,2.5316455696202533,4.534005037783375,2.3622047244094486,5.4945054945054945,3.225806451612903,0.0,10.0,10.526315789473683,5.555555555555555,4.444444444444445,0.0,6.8493150684931505,7.647058823529412,6.976744186046512,3.389830508474576,7.142857142857142,0.0,0.0,0.0,8.333333333333332,0.0,2.380952380952381,3.7037037037037033,0.0,4.57516339869281,1.1764705882352942,7.142857142857142,0.0,2.5423728813559325,8.571428571428571,2.6548672566371683,5.769230769230769,2.4390243902439024,4.3478260869565215,0.0,2.5423728813559325,16.666666666666664,0.0,0.0,2.834008097165992,3.319502074688797,0.0,5.555555555555555,0.0,2.5,3.6764705882352944,1.694915254237288,6.25,9.090909090909092,3.75,0.0,0.0,8.0,5.031446540880504,0.0,9.523809523809524,4.761904761904762,4.444444444444445,3.571428571428571,4.310344827586207,3.9800995024875623,3.9215686274509802
14,0.0,4.761904761904762,1.4388489208633095,9.523809523809524,3.9215686274509802,0.0,3.4482758620689653,6.153846153846154,5.594405594405594,3.1914893617021276,2.185792349726776,9.090909090909092,2.898550724637681,3.2846715328467155,0.0,0.0,1.8867924528301887,5.263157894736842,2.7472527472527473,5.88235294117647,8.47457627118644,3.6734693877551026,5.3097345132743365,4.205607476635514,3.5398230088495577,0.0,6.132075471698113,3.2742155525238745,0.0,4.040404040404041,5.88235294117647,10.0,2.3255813953488373,4.62962962962963,2.083333333333333,0.0,3.608247422680412,3.0,4.545454545454546,0.0,4.3478260869565215,4.395604395604396,5.952380952380952,3.7037037037037033,1.834862385321101,11.11111111111111,5.612244897959184,3.125,5.714285714285714,0.0,6.0402684563758395,3.021978021978022,6.122448979591836,2.2900763358778624,0.0,3.7037037037037033,7.142857142857142,5.0359712230215825,3.054662379421222,2.5974025974025974,2.793296089385475,12.5,6.25,2.5236593059936907,4.615384615384616,3.9735099337748347,0.0,4.081632653061225,25.0,7.894736842105263,3.7037037037037033,5.487804878048781,5.263157894736842,5.0,6.0,7.547169811320755,7.59493670886076,3.7783375314861463,0.7874015748031495,2.197802197802198,6.451612903225806,6.0606060606060606,0.0,8.771929824561402,1.1111111111111112,6.666666666666667,0.0,4.10958904109589,5.294117647058823,6.976744186046512,0.0,2.380952380952381,0.0,5.405405405405405,14.285714285714285,8.333333333333332,0.0,2.380952380952381,4.232804232804233,0.0,3.2679738562091507,7.0588235294117645,14.285714285714285,0.0,4.23728813559322,5.714285714285714,4.424778761061947,2.8846153846153846,9.75609756097561,4.968944099378882,8.333333333333332,4.23728813559322,16.666666666666664,0.0,0.0,1.6194331983805668,1.6597510373443984,0.0,0.0,20.0,2.5,5.88235294117647,1.694915254237288,9.375,6.0606060606060606,2.5,0.0,0.0,0.0,1.8867924528301887,2.380952380952381,9.523809523809524,4.761904761904762,4.444444444444445,4.285714285714286,2.586206896551724,3.482587064676617,11.76470588235294
15,0.0,3.463203463203463,4.316546762589928,7.6190476190476195,1.9607843137254901,9.090909090909092,4.827586206896552,6.153846153846154,5.594405594405594,5.319148936170213,3.551912568306011,0.0,2.1739130434782608,1.824817518248175,3.076923076923077,0.0,1.8867924528301887,5.263157894736842,4.395604395604396,11.76470588235294,6.779661016949152,2.4489795918367347,0.8849557522123894,3.7383177570093453,1.7699115044247788,6.25,2.358490566037736,2.592087312414734,25.0,4.545454545454546,5.88235294117647,10.0,2.3255813953488373,1.8518518518518516,1.3888888888888888,0.0,0.5154639175257731,2.0,2.922077922077922,22.22222222222222,3.1055900621118013,4.395604395604396,3.273809523809524,2.1164021164021163,3.669724770642202,11.11111111111111,9.183673469387756,1.5625,2.857142857142857,0.0,3.3557046979865772,1.9230769230769231,0.0,1.5267175572519083,0.0,3.7037037037037033,0.0,5.0359712230215825,2.7331189710610935,5.194805194805195,1.899441340782123,0.0,0.0,3.4700315457413247,1.5384615384615385,3.3112582781456954,17.647058823529413,4.081632653061225,0.0,5.263157894736842,3.7037037037037033,2.4390243902439024,2.3923444976076556,3.0,8.0,3.7735849056603774,6.329113924050633,3.022670025188917,2.3622047244094486,4.395604395604396,3.225806451612903,0.0,15.0,1.7543859649122806,5.555555555555555,4.444444444444445,0.0,4.10958904109589,4.117647058823529,11.627906976744185,1.694915254237288,0.0,0.0,2.7027027027027026,14.285714285714285,8.333333333333332,0.0,9.523809523809524,1.5873015873015872,0.0,1.9607843137254901,3.5294117647058822,0.0,11.11111111111111,4.23728813559322,2.857142857142857,4.71976401179941,5.769230769230769,2.4390243902439024,3.1055900621118013,0.0,4.23728813559322,0.0,0.0,0.0,3.643724696356275,1.6597510373443984,0.0,5.555555555555555,0.0,7.5,2.2058823529411766,1.694915254237288,1.5625,3.0303030303030303,2.5,0.0,0.0,12.0,3.1446540880503147,7.142857142857142,4.761904761904762,9.523809523809524,4.444444444444445,3.8095238095238098,2.2988505747126435,2.4875621890547266,1.9607843137254901
16,0.0,5.627705627705628,5.0359712230215825,3.8095238095238098,7.8431372549019605,9.090909090909092,1.3793103448275863,1.5384615384615385,2.797202797202797,3.723404255319149,1.639344262295082,0.0,3.6231884057971016,3.64963503649635,3.076923076923077,4.166666666666666,2.8301886792452833,5.263157894736842,3.8461538461538463,0.0,1.694915254237288,3.2653061224489797,2.6548672566371683,2.336448598130841,1.7699115044247788,0.0,2.358490566037736,1.7735334242837655,0.0,3.787878787878788,2.941176470588235,20.0,0.9302325581395349,2.7777777777777777,0.0,0.0,4.123711340206185,4.0,1.948051948051948,22.22222222222222,1.2422360248447204,2.197802197802198,4.761904761904762,0.5291005291005291,3.669724770642202,11.11111111111111,3.571428571428571,1.0416666666666665,4.285714285714286,0.0,3.3557046979865772,1.3736263736263736,6.122448979591836,1.5267175572519083,0.0,0.0,0.0,4.316546762589928,1.607717041800643,1.2987012987012987,1.7877094972067038,0.0,3.125,1.5772870662460567,3.076923076923077,3.3112582781456954,0.0,2.0408163265306123,12.5,0.0,0.0,3.6585365853658534,3.827751196172249,1.0,6.0,1.8867924528301887,6.329113924050633,1.7632241813602016,0.0,4.395604395604396,1.0752688172043012,0.0,0.0,1.7543859649122806,2.2222222222222223,2.2222222222222223,0.0,2.73972602739726,5.88235294117647,0.0,8.47457627118644,0.0,0.0,0.0,0.0,10.416666666666668,0.0,0.0,1.0582010582010581,0.0,0.6535947712418301,4.705882352941177,14.285714285714285,0.0,1.694915254237288,2.857142857142857,2.6548672566371683,1.9230769230769231,0.0,1.2422360248447204,0.0,5.084745762711865,0.0,0.0,0.0,1.214574898785425,0.4149377593360996,0.0,0.0,0.0,7.5,2.941176470588235,2.5423728813559325,3.125,6.0606060606060606,2.5,0.0,12.5,0.0,0.628930817610063,2.380952380952381,0.0,0.0,2.2222222222222223,2.857142857142857,2.0114942528735633,2.9850746268656714,7.8431372549019605
17,0.0,1.7316017316017316,1.4388489208633095,2.857142857142857,3.9215686274509802,0.0,0.6896551724137931,1.5384615384615385,6.993006993006993,7.9787234042553195,1.639344262295082,9.090909090909092,3.6231884057971016,1.094890510948905,4.615384615384616,4.166666666666666,0.9433962264150944,0.0,3.296703296703297,0.0,0.847457627118644,2.0408163265306123,5.3097345132743365,0.9345794392523363,0.8849557522123894,0.0,0.9433962264150944,2.455661664392906,0.0,3.2828282828282833,3.9215686274509802,0.0,2.3255813953488373,0.9259259259259258,0.6944444444444444,0.0,1.0309278350515463,1.7500000000000002,1.948051948051948,0.0,0.0,4.395604395604396,4.761904761904762,1.0582010582010581,3.669724770642202,0.0,3.571428571428571,1.5625,1.4285714285714286,0.0,4.697986577181208,1.098901098901099,0.0,0.7633587786259541,0.0,3.7037037037037033,0.0,1.4388489208633095,1.929260450160772,2.5974025974025974,1.3407821229050279,0.0,6.25,1.5772870662460567,6.153846153846154,1.9867549668874174,0.0,4.081632653061225,0.0,0.0,0.0,1.8292682926829267,1.9138755980861244,2.0,0.0,7.547169811320755,5.063291139240507,1.5113350125944585,1.574803149606299,5.4945054945054945,3.225806451612903,3.0303030303030303,5.0,5.263157894736842,1.1111111111111112,0.0,0.0,1.36986301369863,2.941176470588235,4.651162790697675,5.084745762711865,4.761904761904762,0.0,5.405405405405405,0.0,4.166666666666666,0.0,9.523809523809524,0.0,0.0,0.6535947712418301,3.5294117647058822,0.0,0.0,2.5423728813559325,2.857142857142857,1.4749262536873156,2.8846153846153846,4.878048780487805,4.3478260869565215,0.0,6.779661016949152,0.0,0.0,7.6923076923076925,3.643724696356275,0.0,0.0,0.0,0.0,2.5,2.941176470588235,3.389830508474576,4.6875,0.0,7.5,0.0,0.0,0.0,3.7735849056603774,2.380952380952381,4.761904761904762,4.761904761904762,2.2222222222222223,2.619047619047619,1.4367816091954022,4.477611940298507,1.9607843137254901
18,0.0,1.2987012987012987,0.7194244604316548,2.857142857142857,0.0,18.181818181818183,1.3793103448275863,0.0,3.4965034965034967,1.0638297872340425,0.546448087431694,0.0,4.3478260869565215,0.0,1.5384615384615385,0.0,1.8867924528301887,10.526315789473683,0.5494505494505495,0.0,1.694915254237288,1.2244897959183674,2.6548672566371683,1.8691588785046727,0.8849557522123894,0.0,0.9433962264150944,1.0914051841746248,0.0,1.7676767676767675,3.431372549019608,0.0,1.3953488372093024,1.8518518518518516,0.0,14.285714285714285,0.5154639175257731,1.5,0.6493506493506493,0.0,3.1055900621118013,2.197802197802198,3.571428571428571,3.1746031746031744,1.834862385321101,0.0,3.571428571428571,1.0416666666666665,5.714285714285714,0.0,3.3557046979865772,0.27472527472527475,0.0,0.0,0.0,0.0,0.0,3.597122302158273,1.2861736334405145,7.792207792207792,0.33519553072625696,0.0,6.25,0.0,3.076923076923077,0.0,0.0,8.16326530612245,0.0,7.894736842105263,3.7037037037037033,1.8292682926829267,4.784688995215311,4.0,4.0,5.660377358490567,3.79746835443038,1.0075566750629723,0.0,4.395604395604396,0.0,0.0,5.0,1.7543859649122806,2.2222222222222223,4.444444444444445,7.142857142857142,2.73972602739726,2.3529411764705883,6.976744186046512,5.084745762711865,0.0,0.0,0.0,0.0,0.0,0.0,7.142857142857142,0.5291005291005291,0.0,0.6535947712418301,8.235294117647058,7.142857142857142,0.0,3.389830508474576,0.0,1.7699115044247788,2.8846153846153846,0.0,2.484472049689441,8.333333333333332,3.389830508474576,0.0,0.0,0.0,0.8097165991902834,0.0,0.0,0.0,0.0,2.5,2.941176470588235,1.694915254237288,3.125,3.0303030303030303,2.5,0.0,0.0,0.0,1.8867924528301887,2.380952380952381,0.0,0.0,0.0,2.619047619047619,1.1494252873563218,3.482587064676617,1.9607843137254901
19,0.0,1.7316017316017316,0.7194244604316548,1.9047619047619049,1.9607843137254901,9.090909090909092,0.0,1.5384615384615385,0.6993006993006993,1.5957446808510638,0.819672131147541,0.0,5.072463768115942,2.18978102189781,3.076923076923077,4.166666666666666,2.8301886792452833,0.0,2.7472527472527473,0.0,2.5423728813559325,0.8163265306122449,0.8849557522123894,2.336448598130841,1.7699115044247788,0.0,0.9433962264150944,1.6371077762619373,0.0,2.272727272727273,3.9215686274509802,10.0,0.46511627906976744,3.7037037037037033,1.3888888888888888,0.0,3.0927835051546393,1.0,2.272727272727273,0.0,1.2422360248447204,2.197802197802198,1.7857142857142856,0.5291005291005291,0.9174311926605505,0.0,1.530612244897959,0.0,2.857142857142857,0.0,2.013422818791946,1.098901098901099,0.0,0.7633587786259541,0.0,7.4074074074074066,7.142857142857142,0.7194244604316548,0.3215434083601286,1.2987012987012987,1.1173184357541899,12.5,6.25,1.2618296529968454,1.5384615384615385,0.6622516556291391,17.647058823529413,2.0408163265306123,0.0,0.0,0.0,1.2195121951219512,2.3923444976076556,1.0,2.0,0.0,3.79746835443038,0.7556675062972292,0.0,2.197802197802198,3.225806451612903,0.0,5.0,5.263157894736842,4.444444444444445,2.2222222222222223,0.0,4.10958904109589,3.5294117647058822,2.3255813953488373,5.084745762711865,0.0,0.0,2.7027027027027026,0.0,4.166666666666666,0.0,2.380952380952381,1.5873015873015872,16.666666666666664,1.3071895424836601,4.705882352941177,0.0,0.0,3.389830508474576,0.0,3.2448377581120944,0.9615384615384616,0.0,0.6211180124223602,0.0,0.847457627118644,0.0,25.0,7.6923076923076925,0.4048582995951417,1.2448132780082988,40.0,5.555555555555555,0.0,2.5,4.411764705882353,1.694915254237288,1.5625,9.090909090909092,1.25,12.5,0.0,0.0,1.257861635220126,0.0,0.0,14.285714285714285,0.0,2.619047619047619,1.7241379310344827,1.9900497512437811,0.0
20,0.0,0.8658008658008658,0.7194244604316548,0.0,3.9215686274509802,0.0,0.6896551724137931,1.5384615384615385,6.293706293706294,1.0638297872340425,0.0,9.090909090909092,4.3478260869565215,0.7299270072992701,1.5384615384615385,0.0,0.0,0.0,0.5494505494505495,5.88235294117647,3.389830508474576,0.40816326530612246,0.8849557522123894,0.9345794392523363,0.8849557522123894,0.0,0.4716981132075472,1.5006821282401093,0.0,3.2828282828282833,1.9607843137254901,0.0,1.3953488372093024,0.0,0.0,0.0,1.5463917525773196,1.25,1.2987012987012987,0.0,1.2422360248447204,1.098901098901099,3.273809523809524,1.0582010582010581,4.587155963302752,11.11111111111111,1.530612244897959,0.5208333333333333,0.0,0.0,2.013422818791946,1.098901098901099,4.081632653061225,0.0,0.0,3.7037037037037033,7.142857142857142,4.316546762589928,0.1607717041800643,3.896103896103896,0.22346368715083798,0.0,12.5,0.31545741324921134,0.0,0.0,0.0,0.0,12.5,0.0,3.7037037037037033,3.048780487804878,1.9138755980861244,0.0,4.0,0.0,1.2658227848101267,0.5037783375314862,0.0,1.098901098901099,0.0,0.0,0.0,1.7543859649122806,1.1111111111111112,11.11111111111111,7.142857142857142,2.73972602739726,1.1764705882352942,2.3255813953488373,0.0,2.380952380952381,14.285714285714285,2.7027027027027026,0.0,0.0,0.0,4.761904761904762,0.5291005291005291,0.0,0.0,3.5294117647058822,7.142857142857142,0.0,5.932203389830509,0.0,2.949852507374631,0.0,0.0,1.2422360248447204,0.0,1.694915254237288,0.0,0.0,7.6923076923076925,0.8097165991902834,0.4149377593360996,0.0,11.11111111111111,0.0,2.5,2.2058823529411766,2.5423728813559325,0.0,12.121212121212121,2.5,12.5,0.0,0.0,0.628930817610063,0.0,0.0,9.523809523809524,2.2222222222222223,1.6666666666666667,1.4367816091954022,1.9900497512437811,1.9607843137254901
21,0.0,0.4329004329004329,0.7194244604316548,0.9523809523809524,3.9215686274509802,0.0,0.6896551724137931,4.615384615384616,2.797202797202797,1.5957446808510638,1.092896174863388,0.0,2.898550724637681,0.0,6.153846153846154,0.0,0.0,0.0,0.5494505494505495,5.88235294117647,1.694915254237288,1.6326530612244898,0.8849557522123894,0.46728971962616817,0.0,0.0,1.4150943396226416,1.0914051841746248,0.0,2.0202020202020203,1.9607843137254901,0.0,1.3953488372093024,0.9259259259259258,0.0,28.57142857142857,4.123711340206185,1.5,0.974025974025974,0.0,0.0,2.197802197802198,2.380952380952381,0.5291005291005291,0.9174311926605505,0.0,2.0408163265306123,0.5208333333333333,2.857142857142857,0.0,2.013422818791946,0.27472527472527475,6.122448979591836,0.0,0.0,0.0,0.0,2.877697841726619,0.482315112540193,2.5974025974025974,0.44692737430167595,12.5,6.25,0.9463722397476341,3.076923076923077,1.3245033112582782,0.0,8.16326530612245,0.0,0.0,11.11111111111111,3.048780487804878,1.4354066985645932,1.0,2.0,3.7735849056603774,1.2658227848101267,0.0,0.0,2.197802197802198,0.0,3.0303030303030303,0.0,1.7543859649122806,3.3333333333333335,0.0,0.0,0.0,1.7647058823529411,2.3255813953488373,0.0,2.380952380952381,28.57142857142857,2.7027027027027026,0.0,0.0,0.0,4.761904761904762,0.5291005291005291,16.666666666666664,0.0,1.1764705882352942,0.0,0.0,0.0,2.857142857142857,2.0648967551622417,0.9615384615384616,4.878048780487805,1.8633540372670807,0.0,2.5423728813559325,0.0,0.0,0.0,0.8097165991902834,0.0,0.0,5.555555555555555,0.0,2.5,5.88235294117647,2.5423728813559325,1.5625,3.0303030303030303,3.75,12.5,0.0,8.0,1.257861635220126,2.380952380952381,0.0,0.0,0.0,2.142857142857143,1.4367816091954022,1.9900497512437811,0.0
22,0.0,0.8658008658008658,1.4388489208633095,0.9523809523809524,3.9215686274509802,0.0,2.0689655172413794,0.0,2.797202797202797,1.0638297872340425,0.546448087431694,0.0,2.1739130434782608,1.4598540145985401,4.615384615384616,0.0,2.8301886792452833,0.0,0.0,0.0,0.847457627118644,1.6326530612244898,0.0,1.8691588785046727,0.0,0.0,0.4716981132075472,1.364256480218281,0.0,2.525252525252525,1.9607843137254901,10.0,1.3953488372093024,0.0,0.6944444444444444,14.285714285714285,1.5463917525773196,1.5,0.3246753246753247,0.0,0.6211180124223602,3.296703296703297,2.083333333333333,1.0582010582010581,5.5045871559633035,0.0,2.5510204081632653,0.0,0.0,0.0,1.342281879194631,0.27472527472527475,0.0,0.0,0.0,7.4074074074074066,14.285714285714285,1.4388489208633095,0.1607717041800643,1.2987012987012987,0.33519553072625696,0.0,0.0,0.31545741324921134,4.615384615384616,0.0,0.0,4.081632653061225,0.0,2.631578947368421,0.0,1.2195121951219512,1.4354066985645932,0.0,0.0,1.8867924528301887,1.2658227848101267,0.0,0.0,0.0,2.1505376344086025,0.0,0.0,3.508771929824561,1.1111111111111112,2.2222222222222223,7.142857142857142,1.36986301369863,1.1764705882352942,4.651162790697675,0.0,0.0,0.0,0.0,14.285714285714285,2.083333333333333,0.0,2.380952380952381,0.5291005291005291,0.0,0.0,3.5294117647058822,0.0,0.0,4.23728813559322,0.0,1.7699115044247788,1.9230769230769231,0.0,0.0,8.333333333333332,1.694915254237288,0.0,0.0,0.0,0.0,0.0,20.0,5.555555555555555,0.0,5.0,5.147058823529411,0.0,1.5625,6.0606060606060606,1.25,12.5,0.0,4.0,0.0,2.380952380952381,0.0,0.0,4.444444444444445,1.4285714285714286,0.5747126436781609,2.9850746268656714,1.9607843137254901
23,0.0,0.8658008658008658,0.7194244604316548,1.9047619047619049,3.9215686274509802,9.090909090909092,0.0,7.6923076923076925,2.797202797202797,0.5319148936170213,0.546448087431694,18.181818181818183,1.4492753623188406,0.36496350364963503,4.615384615384616,0.0,1.8867924528301887,10.526315789473683,0.5494505494505495,0.0,2.5423728813559325,1.2244897959183674,1.7699115044247788,0.0,0.0,0.0,0.9433962264150944,0.9549795361527967,0.0,0.0,0.9803921568627451,0.0,0.9302325581395349,0.9259259259259258,0.0,0.0,0.5154639175257731,1.25,0.6493506493506493,22.22222222222222,0.0,0.0,1.488095238095238,1.5873015873015872,0.0,11.11111111111111,1.0204081632653061,0.0,1.4285714285714286,0.0,0.6711409395973155,0.0,2.0408163265306123,0.0,0.0,3.7037037037037033,7.142857142857142,3.597122302158273,0.1607717041800643,1.2987012987012987,0.6703910614525139,0.0,3.125,0.0,0.0,0.0,0.0,2.0408163265306123,0.0,0.0,7.4074074074074066,3.6585365853658534,0.4784688995215311,0.0,0.0,1.8867924528301887,0.0,0.2518891687657431,0.7874015748031495,3.296703296703297,0.0,0.0,0.0,1.7543859649122806,3.3333333333333335,0.0,0.0,0.0,0.5882352941176471,4.651162790697675,1.694915254237288,0.0,0.0,0.0,0.0,2.083333333333333,0.0,4.761904761904762,0.0,0.0,0.0,0.0,0.0,11.11111111111111,0.0,2.857142857142857,2.0648967551622417,0.0,0.0,1.8633540372670807,0.0,2.5423728813559325,0.0,0.0,7.6923076923076925,0.8097165991902834,0.4149377593360996,0.0,16.666666666666664,20.0,10.0,2.2058823529411766,0.0,0.0,6.0606060606060606,2.5,0.0,0.0,0.0,0.628930817610063,2.380952380952381,0.0,4.761904761904762,0.0,0.9523809523809524,0.28735632183908044,1.4925373134328357,5.88235294117647
24,40.0,0.8658008658008658,0.7194244604316548,0.9523809523809524,0.0,0.0,0.0,1.5384615384615385,2.797202797202797,0.0,0.273224043715847,0.0,0.0,0.7299270072992701,0.0,0.0,0.9433962264150944,5.263157894736842,0.5494505494505495,0.0,0.0,0.8163265306122449,0.8849557522123894,1.8691588785046727,0.0,6.25,0.0,1.0914051841746248,0.0,1.2626262626262625,0.9803921568627451,0.0,0.0,0.0,0.6944444444444444,0.0,2.0618556701030926,0.25,0.3246753246753247,0.0,0.0,0.0,0.5952380952380952,0.5291005291005291,0.9174311926605505,11.11111111111111,2.5510204081632653,0.0,4.285714285714286,0.0,0.0,0.5494505494505495,0.0,0.0,25.0,3.7037037037037033,0.0,1.4388489208633095,0.3215434083601286,1.2987012987012987,0.44692737430167595,0.0,0.0,0.31545741324921134,0.0,0.0,0.0,2.0408163265306123,0.0,0.0,3.7037037037037033,0.6097560975609756,1.4354066985645932,0.0,2.0,0.0,1.2658227848101267,0.0,0.0,1.098901098901099,1.0752688172043012,0.0,0.0,3.508771929824561,2.2222222222222223,2.2222222222222223,0.0,1.36986301369863,0.0,2.3255813953488373,1.694915254237288,0.0,0.0,0.0,0.0,4.166666666666666,0.0,2.380952380952381,0.5291005291005291,0.0,1.3071895424836601,0.0,0.0,0.0,0.847457627118644,2.857142857142857,2.359882005899705,0.0,0.0,0.6211180124223602,8.333333333333332,0.847457627118644,0.0,0.0,0.0,0.4048582995951417,0.0,0.0,0.0,0.0,0.0,2.2058823529411766,0.847457627118644,1.5625,3.0303030303030303,3.75,0.0,0.0,0.0,0.628930817610063,7.142857142857142,0.0,0.0,2.2222222222222223,1.4285714285714286,0.5747126436781609,1.4925373134328357,3.9215686274509802
25,0.0,0.0,0.0,0.0,1.9607843137254901,0.0,0.6896551724137931,4.615384615384616,2.797202797202797,0.5319148936170213,0.273224043715847,0.0,1.4492753623188406,1.094890510948905,3.076923076923077,0.0,0.9433962264150944,5.263157894736842,0.0,0.0,0.847457627118644,0.0,0.8849557522123894,0.46728971962616817,0.0,0.0,0.0,0.6821282401091405,0.0,1.0101010101010102,0.49019607843137253,0.0,0.0,0.0,0.6944444444444444,0.0,1.0309278350515463,1.0,0.0,0.0,1.8633540372670807,0.0,0.2976190476190476,0.0,2.7522935779816518,0.0,2.5510204081632653,0.0,1.4285714285714286,0.0,0.6711409395973155,0.0,2.0408163265306123,0.0,0.0,0.0,0.0,1.4388489208633095,0.0,3.896103896103896,0.22346368715083798,0.0,3.125,0.0,1.5384615384615385,0.0,0.0,0.0,0.0,0.0,0.0,0.6097560975609756,0.9569377990430622,2.0,0.0,0.0,1.2658227848101267,0.2518891687657431,0.0,4.395604395604396,0.0,6.0606060606060606,0.0,0.0,1.1111111111111112,2.2222222222222223,7.142857142857142,0.0,0.5882352941176471,4.651162790697675,0.0,0.0,0.0,5.405405405405405,14.285714285714285,0.0,0.0,2.380952380952381,0.0,0.0,0.6535947712418301,0.0,0.0,0.0,0.847457627118644,0.0,1.4749262536873156,0.0,0.0,0.6211180124223602,8.333333333333332,0.847457627118644,33.33333333333333,0.0,0.0,0.0,0.0,20.0,0.0,0.0,5.0,0.7352941176470588,0.0,1.5625,0.0,0.0,0.0,12.5,8.0,0.0,0.0,0.0,0.0,0.0,0.9523809523809524,0.0,1.9900497512437811,0.0
26,0.0,0.0,2.158273381294964,0.0,0.0,0.0,0.0,3.076923076923077,0.0,1.0638297872340425,0.273224043715847,0.0,0.0,0.0,3.076923076923077,4.166666666666666,0.0,0.0,0.0,0.0,2.5423728813559325,0.0,0.0,0.0,0.0,0.0,0.4716981132075472,0.6821282401091405,8.333333333333332,0.25252525252525254,0.9803921568627451,0.0,0.0,0.0,0.0,0.0,0.0,0.25,0.0,0.0,0.6211180124223602,1.098901098901099,1.1904761904761905,0.0,0.9174311926605505,0.0,0.0,0.0,1.4285714285714286,0.0,0.0,0.27472527472527475,2.0408163265306123,0.0,0.0,0.0,0.0,0.0,0.3215434083601286,0.0,0.22346368715083798,0.0,6.25,0.31545741324921134,3.076923076923077,0.0,0.0,2.0408163265306123,0.0,0.0,0.0,1.2195121951219512,0.0,0.0,2.0,0.0,1.2658227848101267,0.5037783375314862,0.0,2.197802197802198,0.0,3.0303030303030303,0.0,0.0,3.3333333333333335,0.0,7.142857142857142,0.0,0.5882352941176471,0.0,1.694915254237288,0.0,14.285714285714285,0.0,0.0,2.083333333333333,0.0,0.0,0.0,16.666666666666664,0.0,0.0,0.0,11.11111111111111,0.0,2.857142857142857,1.1799410029498525,0.0,2.4390243902439024,0.6211180124223602,0.0,0.0,0.0,0.0,0.0,0.4048582995951417,0.0,0.0,0.0,0.0,0.0,1.4705882352941175,0.847457627118644,0.0,0.0,1.25,0.0,0.0,0.0,0.628930817610063,2.380952380952381,9.523809523809524,0.0,0.0,0.9523809523809524,0.28735632183908044,1.4925373134328357,1.9607843137254901
27,0.0,0.4329004329004329,0.7194244604316548,0.9523809523809524,0.0,0.0,0.0,1.5384615384615385,0.0,0.5319148936170213,0.0,0.0,0.0,0.36496350364963503,1.5384615384615385,8.333333333333332,0.0,0.0,0.0,0.0,0.847457627118644,0.40816326530612246,0.0,0.46728971962616817,0.4424778761061947,0.0,0.4716981132075472,0.5457025920873124,0.0,0.5050505050505051,0.0,0.0,0.0,0.0,0.0,0.0,0.5154639175257731,0.5,0.0,11.11111111111111,0.0,2.197802197802198,0.5952380952380952,0.0,0.0,0.0,1.0204081632653061,0.0,1.4285714285714286,0.0,0.6711409395973155,0.0,4.081632653061225,0.0,0.0,7.4074074074074066,0.0,2.158273381294964,0.0,0.0,0.22346368715083798,0.0,3.125,0.0,1.5384615384615385,0.0,0.0,0.0,0.0,0.0,3.7037037037037033,1.8292682926829267,0.9569377990430622,0.0,2.0,1.8867924528301887,0.0,0.2518891687657431,0.0,1.098901098901099,1.0752688172043012,0.0,0.0,0.0,1.1111111111111112,2.2222222222222223,0.0,0.0,0.5882352941176471,0.0,1.694915254237288,0.0,0.0,0.0,0.0,0.0,0.0,0.0,0.0,0.0,0.0,1.1764705882352942,0.0,11.11111111111111,1.694915254237288,0.0,1.1799410029498525,0.0,0.0,0.0,0.0,0.0,0.0,0.0,0.0,0.0,0.0,0.0,0.0,0.0,2.5,0.0,0.0,0.0,3.0303030303030303,0.0,0.0,0.0,0.0,0.0,2.380952380952381,0.0,0.0,0.0,0.7142857142857143,0.0,2.4875621890547266,0.0
28,0.0,0.0,0.0,0.0,0.0,0.0,0.0,0.0,0.6993006993006993,0.0,0.0,0.0,1.4492753623188406,0.0,0.0,0.0,0.0,0.0,0.0,0.0,0.847457627118644,0.8163265306122449,0.0,0.46728971962616817,0.0,6.25,0.0,0.1364256480218281,0.0,0.0,0.49019607843137253,10.0,0.9302325581395349,0.0,0.0,0.0,0.5154639175257731,0.5,0.0,0.0,0.6211180124223602,0.0,0.8928571428571428,0.0,0.9174311926605505,0.0,0.0,0.0,0.0,33.33333333333333,0.0,0.0,0.0,0.0,0.0,3.7037037037037033,7.142857142857142,0.7194244604316548,0.0,2.5974025974025974,0.22346368715083798,0.0,3.125,0.0,0.0,0.0,0.0,2.0408163265306123,0.0,0.0,3.7037037037037033,0.6097560975609756,0.0,0.0,0.0,0.0,1.2658227848101267,0.0,0.0,2.197802197802198,0.0,0.0,0.0,0.0,0.0,0.0,0.0,0.0,1.7647058823529411,0.0,1.694915254237288,0.0,0.0,2.7027027027027026,0.0,0.0,0.0,0.0,0.5291005291005291,16.666666666666664,0.6535947712418301,1.1764705882352942,0.0,0.0,0.847457627118644,0.0,0.5899705014749262,0.0,0.0,0.0,0.0,0.847457627118644,0.0,25.0,0.0,0.0,0.0,0.0,0.0,0.0,0.0,1.4705882352941175,0.0,0.0,0.0,0.0,0.0,0.0,0.0,0.0,2.380952380952381,0.0,4.761904761904762,0.0,0.4761904761904762,0.0,0.0,0.0
29,0.0,0.0,0.0,0.0,3.9215686274509802,0.0,0.6896551724137931,3.076923076923077,0.0,0.0,0.0,0.0,1.4492753623188406,0.0,1.5384615384615385,0.0,0.0,5.263157894736842,0.0,0.0,0.847457627118644,0.0,0.0,0.0,0.0,0.0,0.9433962264150944,0.4092769440654843,0.0,0.7575757575757576,0.9803921568627451,0.0,0.46511627906976744,0.0,0.0,0.0,0.0,0.25,0.0,0.0,0.0,0.0,0.0,0.5291005291005291,0.0,0.0,1.0204081632653061,0.0,0.0,0.0,0.0,0.0,0.0,0.0,0.0,0.0,0.0,2.158273381294964,0.0,0.0,0.22346368715083798,12.5,0.0,0.0,0.0,0.0,0.0,0.0,12.5,0.0,0.0,0.6097560975609756,0.4784688995215311,0.0,0.0,0.0,1.2658227848101267,0.0,0.0,1.098901098901099,0.0,3.0303030303030303,0.0,0.0,1.1111111111111112,0.0,0.0,0.0,0.5882352941176471,0.0,0.0,0.0,0.0,2.7027027027027026,0.0,0.0,0.0,0.0,0.0,0.0,0.0,0.0,7.142857142857142,0.0,0.0,0.0,0.5899705014749262,0.0,0.0,0.0,0.0,0.0,0.0,0.0,0.0,0.0,0.0,20.0,5.555555555555555,0.0,2.5,1.4705882352941175,0.0,1.5625,0.0,0.0,0.0,0.0,0.0,0.0,0.0,0.0,0.0,2.2222222222222223,0.9523809523809524,0.5747126436781609,0.0,1.9607843137254901
