,Normal_emon_jubayer1.doc,Normal_emon_jubayer10.doc,Normal_emon_jubayer104.doc,Normal_emon_jubayer108.doc,Normal_emon_jubayer11.doc,Normal_emon_jubayer111.doc,Normal_emon_jubayer12.doc,Normal_emon_jubayer13.doc,Normal_emon_jubayer14.doc,Normal_emon_jubayer15.doc,Normal_emon_jubayer16.doc,Normal_emon_jubayer17.doc,Normal_emon_jubayer18.doc,Normal_emon_jubayer19.doc,Normal_emon_jubayer2.doc,Normal_emon_jubayer20.doc,Normal_emon_jubayer21.doc,Normal_emon_jubayer22.doc,Normal_emon_jubayer23.doc,Normal_emon_jubayer24.doc,Normal_emon_jubayer25.doc,Normal_emon_jubayer26.doc,Normal_emon_jubayer27.doc,Normal_emon_jubayer28.doc,Normal_emon_jubayer29.doc,Normal_emon_jubayer3.doc,Normal_emon_jubayer30.doc,Normal_emon_jubayer31.doc,Normal_emon_jubayer32.doc,Normal_emon_jubayer33.doc,Normal_emon_jubayer34.doc,Normal_emon_jubayer35.doc,Normal_emon_jubayer36.doc,Normal_emon_jubayer37.doc,Normal_emon_jubayer38.doc,Normal_emon_jubayer39.doc,Normal_emon_jubayer4.doc,Normal_emon_jubayer40.doc,Normal_emon_jubayer41.doc,Normal_emon_jubayer42.doc,Normal_emon_jubayer43.doc,Normal_emon_jubayer44.doc,Normal_emon_jubayer45.doc,Normal_emon_jubayer46.doc,Normal_emon_jubayer47.doc,Normal_emon_jubayer48.doc,Normal_emon_jubayer49.doc,Normal_emon_jubayer5.doc,Normal_emon_jubayer50.doc,Normal_emon_jubayer51.doc,Normal_emon_jubayer52.doc,Normal_emon_jubayer53.doc,Normal_emon_jubayer54.doc,Normal_emon_jubayer55.doc,Normal_emon_jubayer56.doc,Normal_emon_jubayer57.doc,Normal_emon_jubayer58.doc,Normal_emon_jubayer59.doc,Normal_emon_jubayer6.doc,Normal_emon_jubayer60.doc,Normal_emon_jubayer61.doc,Normal_emon_jubayer62.doc,Normal_emon_jubayer63.doc,Normal_emon_jubayer64.doc,Normal_emon_jubayer65.doc,Normal_emon_jubayer66.doc,Normal_emon_jubayer67.doc,Normal_emon_jubayer68.doc,Normal_emon_jubayer69.doc,Normal_emon_jubayer7.doc,Normal_emon_jubayer70.doc,Normal_emon_jubayer71.doc,Normal_emon_jubayer72.doc,Normal_emon_jubayer73.doc,Normal_emon_jubayer74.doc,Normal_emon_jubayer75.doc,Normal_emon_jubayer76.doc,Normal_emon_jubayer77.doc,Normal_emon_jubayer78.doc,Normal_emon_jubayer79.doc,Normal_emon_jubayer8.doc,Normal_emon_jubayer80.doc,Normal_emon_jubayer81.doc,Normal_emon_jubayer82.doc,Normal_emon_jubayer83.doc,Normal_emon_jubayer84.doc,Normal_emon_jubayer85.doc,Normal_emon_jubayer86.doc,Normal_emon_jubayer87.doc,Normal_emon_jubayer88.doc,Normal_emon_jubayer89.doc,Normal_emon_jubayer9.doc,Normal_emon_jubayer90.doc,Normal_emon_jubayer91.doc,Normal_emon_jubayer92.doc,Normal_emon_jubayer93.doc,Normal_emon_jubayer94.doc,Normal_emon_jubayer95.doc,Normal_emon_jubayer96.doc,Normal_emon_jubayer98.doc,Normal_emon_jubayer99.doc
1,8.130081300813007,12.060301507537687,3.6764705882352944,10.085836909871244,2.9702970297029703,4.918032786885246,11.363636363636363,6.286836935166994,3.7037037037037033,6.036217303822937,0.0,5.454545454545454,7.216494845360824,1.8867924528301887,2.083333333333333,6.066536203522505,3.7383177570093453,9.89010989010989,6.960556844547564,3.125,3.8288288288288284,9.595959595959595,4.3478260869565215,4.3478260869565215,3.8095238095238098,3.0,1.4035087719298245,5.0438596491228065,7.07070707070707,4.615384615384616,5.369127516778524,14.285714285714285,5.5045871559633035,2.4096385542168677,1.342281879194631,1.0752688172043012,0.0,8.027522935779817,4.49438202247191,5.737704918032787,5.803571428571429,2.955665024630542,4.528301886792453,4.014598540145985,7.6923076923076925,2.766798418972332,3.3670033670033668,0.0,7.142857142857142,2.3474178403755865,4.591836734693878,0.4484304932735426,3.571428571428571,6.25,3.9603960396039604,1.4925373134328357,5.501618122977346,0.0,18.75,10.126582278481013,6.527415143603134,0.0,7.158836689038031,5.769230769230769,16.129032258064516,13.31828442437923,6.153846153846154,8.134920634920634,0.0,6.185567010309279,3.4904013961605584,8.964143426294822,4.5855379188712515,4.845814977973569,8.352668213457076,8.64864864864865,3.3073929961089497,7.945736434108527,3.076923076923077,5.88235294117647,7.520891364902507,0.0,1.3636363636363635,0.0,0.0,3.903903903903904,1.4814814814814816,3.1380753138075312,3.076923076923077,12.211221122112212,2.0,9.11062906724512,6.097560975609756,4.166666666666666,3.308823529411765,3.8461538461538463,3.125,5.5,0.0,7.5,7.180851063829788
2,5.691056910569105,3.5175879396984926,2.2058823529411766,7.939914163090128,3.9603960396039604,9.289617486338798,5.51948051948052,6.090373280943026,6.944444444444445,5.23138832997988,2.941176470588235,6.363636363636363,8.24742268041237,5.345911949685535,2.083333333333333,9.001956947162427,2.803738317757009,6.593406593406594,6.496519721577726,4.166666666666666,4.954954954954955,10.606060606060606,0.0,5.072463768115942,0.9523809523809524,1.0,2.456140350877193,8.991228070175438,4.040404040404041,0.7692307692307693,6.375838926174497,7.889125799573561,3.3639143730886847,2.710843373493976,3.3557046979865772,3.225806451612903,0.0,5.73394495412844,5.617977528089887,8.19672131147541,8.258928571428571,2.4630541871921183,7.169811320754717,4.744525547445255,5.128205128205128,7.905138339920949,6.0606060606060606,0.0,4.201680672268908,0.4694835680751174,4.081632653061225,0.4484304932735426,2.857142857142857,3.125,2.9702970297029703,1.4925373134328357,2.5889967637540456,0.0,0.0,7.805907172995781,9.138381201044385,0.0,7.829977628635347,0.0,6.451612903225806,10.15801354401806,5.384615384615385,6.944444444444445,11.11111111111111,6.529209621993128,8.202443280977311,7.968127490039841,9.171075837742503,5.947136563876652,4.176334106728538,10.63063063063063,9.33852140077821,9.883720930232558,1.5384615384615385,6.684491978609626,7.7994428969359335,0.0,1.8181818181818181,1.4150943396226416,0.0,4.2042042042042045,2.9629629629629632,3.765690376569038,0.5128205128205128,8.58085808580858,3.5000000000000004,8.893709327548807,3.6585365853658534,1.6666666666666667,3.308823529411765,7.013574660633484,4.375,2.0,3.508771929824561,4.545454545454546,5.585106382978723
3,9.34959349593496,3.5175879396984926,3.6764705882352944,11.158798283261802,2.9702970297029703,6.557377049180328,8.766233766233766,10.805500982318271,3.2407407407407405,10.663983903420524,10.294117647058822,6.363636363636363,5.670103092783505,6.60377358490566,10.416666666666668,13.698630136986301,3.7383177570093453,5.128205128205128,11.832946635730858,6.25,11.036036036036036,12.373737373737374,4.3478260869565215,5.797101449275362,5.238095238095238,6.0,7.368421052631578,12.719298245614036,5.05050505050505,4.615384615384616,7.046979865771812,10.660980810234541,10.091743119266056,8.433734939759036,2.684563758389262,3.225806451612903,1.4925373134328357,9.174311926605505,6.741573033707865,3.278688524590164,9.821428571428571,5.911330049261084,13.018867924528301,6.569343065693431,10.683760683760683,10.276679841897234,11.784511784511785,0.0,11.344537815126051,5.164319248826291,8.16326530612245,5.829596412556054,4.285714285714286,8.333333333333332,0.9900990099009901,1.4925373134328357,7.766990291262135,0.0,0.0,10.759493670886076,9.660574412532636,0.0,13.422818791946309,5.769230769230769,3.225806451612903,9.255079006772009,11.538461538461538,13.293650793650794,22.22222222222222,7.216494845360824,16.75392670157068,13.147410358565736,11.64021164021164,9.47136563876652,9.976798143851507,15.315315315315313,13.424124513618677,12.209302325581394,5.641025641025641,14.171122994652407,9.749303621169917,0.0,6.8181818181818175,8.49056603773585,0.0,12.312312312312311,7.4074074074074066,9.832635983263598,5.641025641025641,11.881188118811881,5.5,8.893709327548807,3.6585365853658534,7.5,9.191176470588236,9.502262443438914,11.25,3.5000000000000004,5.263157894736842,8.181818181818182,14.361702127659576
4,15.853658536585366,6.532663316582915,0.7352941176470588,13.090128755364807,5.9405940594059405,8.743169398907105,12.662337662337661,14.931237721021612,3.7037037037037033,15.694164989939638,16.176470588235293,5.454545454545454,6.185567010309279,12.89308176100629,8.333333333333332,14.87279843444227,3.7383177570093453,5.4945054945054945,15.777262180974477,7.291666666666667,16.666666666666664,15.151515151515152,8.695652173913043,3.6231884057971016,8.571428571428571,11.0,9.473684210526317,13.596491228070176,3.0303030303030303,6.153846153846154,10.06711409395973,10.874200426439232,14.984709480122325,11.74698795180723,6.7114093959731544,5.376344086021505,2.9850746268656714,15.36697247706422,8.98876404494382,4.098360655737705,14.955357142857142,5.911330049261084,16.79245283018868,10.583941605839415,9.401709401709402,11.462450592885375,9.090909090909092,0.0,12.184873949579831,6.103286384976526,7.653061224489796,4.484304932735426,6.428571428571428,6.25,2.9702970297029703,2.9850746268656714,7.766990291262135,0.0,6.25,13.502109704641349,12.793733681462141,0.0,10.06711409395973,5.769230769230769,12.903225806451612,10.835214446952596,3.8461538461538463,9.920634920634921,22.22222222222222,11.34020618556701,14.485165794066319,15.53784860557769,15.696649029982362,11.45374449339207,10.440835266821345,16.036036036036037,14.591439688715955,16.86046511627907,3.5897435897435894,10.962566844919785,12.534818941504177,0.0,5.909090909090909,15.09433962264151,0.0,11.711711711711711,7.4074074074074066,15.481171548117153,6.153846153846154,12.871287128712872,3.5000000000000004,12.58134490238612,3.6585365853658534,2.5,6.25,11.312217194570136,6.875000000000001,2.5,8.771929824561402,14.772727272727273,14.627659574468085
5,16.666666666666664,5.527638190954774,5.147058823529411,11.802575107296137,9.900990099009901,9.836065573770492,17.20779220779221,14.538310412573674,7.87037037037037,13.078470824949697,11.76470588235294,6.363636363636363,11.855670103092782,11.320754716981133,10.416666666666668,14.285714285714285,6.5420560747663545,4.395604395604396,13.921113689095128,8.333333333333332,16.216216216216218,11.616161616161616,13.043478260869565,4.3478260869565215,7.142857142857142,3.0,11.929824561403509,16.447368421052634,8.080808080808081,7.6923076923076925,9.060402684563758,12.57995735607676,12.538226299694188,12.650602409638553,5.369127516778524,7.526881720430108,8.955223880597014,13.53211009174312,11.235955056179774,6.557377049180328,12.946428571428573,6.403940886699508,17.358490566037734,9.854014598540147,13.675213675213676,11.857707509881422,15.151515151515152,0.0,12.184873949579831,12.676056338028168,4.591836734693878,10.762331838565023,15.714285714285714,11.458333333333332,6.9306930693069315,2.9850746268656714,7.766990291262135,0.0,0.0,11.60337552742616,10.704960835509137,0.0,12.080536912751679,6.730769230769231,16.129032258064516,11.286681715575622,6.153846153846154,16.26984126984127,44.44444444444444,12.371134020618557,13.089005235602095,10.95617529880478,13.051146384479717,12.555066079295155,10.208816705336426,12.072072072072073,11.284046692607005,14.922480620155037,10.256410256410255,14.43850267379679,9.749303621169917,0.0,15.454545454545453,17.92452830188679,7.142857142857142,15.915915915915916,7.4074074074074066,13.179916317991633,10.256410256410255,9.570957095709572,5.0,14.75054229934924,2.4390243902439024,4.166666666666666,5.88235294117647,12.895927601809957,9.375,7.000000000000001,5.263157894736842,10.681818181818182,11.96808510638298
6,13.414634146341465,9.045226130653267,7.352941176470589,12.446351931330472,4.9504950495049505,6.557377049180328,12.662337662337661,12.770137524557956,7.87037037037037,12.877263581488934,14.705882352941178,10.0,5.154639175257731,11.949685534591195,8.333333333333332,13.111545988258316,9.345794392523365,5.86080586080586,11.600928074245939,5.208333333333334,12.387387387387387,8.080808080808081,6.521739130434782,5.797101449275362,7.6190476190476195,13.0,13.333333333333334,10.526315789473683,11.616161616161616,10.0,7.718120805369128,11.300639658848615,11.314984709480122,11.44578313253012,8.724832214765101,13.978494623655912,2.9850746268656714,11.926605504587156,8.98876404494382,9.01639344262295,11.160714285714286,6.896551724137931,12.452830188679245,8.75912408759124,12.82051282051282,9.090909090909092,8.417508417508419,0.0,13.025210084033615,9.859154929577464,7.142857142857142,10.762331838565023,10.0,13.541666666666666,5.9405940594059405,8.955223880597014,6.796116504854369,0.0,18.75,9.071729957805907,11.74934725848564,0.0,11.6331096196868,7.6923076923076925,0.0,10.383747178329571,10.0,9.920634920634921,0.0,12.027491408934708,11.69284467713787,7.768924302788845,14.638447971781304,14.977973568281937,11.36890951276102,11.351351351351353,9.33852140077821,11.046511627906977,8.205128205128204,13.101604278074866,12.256267409470752,20.0,8.636363636363637,8.962264150943396,7.142857142857142,9.30930930930931,9.62962962962963,12.343096234309623,14.358974358974358,7.920792079207921,3.5000000000000004,9.97830802603037,3.6585365853658534,10.0,11.029411764705882,9.95475113122172,6.875000000000001,9.0,7.894736842105263,15.227272727272728,10.638297872340425
7,10.569105691056912,4.0201005025125625,5.147058823529411,8.798283261802576,11.881188118811881,9.289617486338798,10.38961038961039,11.00196463654224,13.88888888888889,8.450704225352112,5.88235294117647,5.454545454545454,9.793814432989691,7.232704402515723,12.5,11.154598825831702,12.149532710280374,5.128205128205128,9.280742459396752,11.458333333333332,9.684684684684685,7.575757575757576,6.521739130434782,7.246376811594203,8.571428571428571,8.0,9.473684210526317,10.964912280701753,10.1010101010101,9.230769230769232,11.073825503355705,7.462686567164178,11.62079510703364,12.048192771084338,10.06711409395973,6.451612903225806,10.44776119402985,10.550458715596331,11.235955056179774,9.836065573770492,11.160714285714286,8.866995073891626,7.735849056603773,8.394160583941606,13.675213675213676,9.486166007905137,8.080808080808081,0.0,6.302521008403361,10.7981220657277,8.16326530612245,9.865470852017937,9.285714285714286,3.125,4.9504950495049505,1.4925373134328357,7.766990291262135,0.0,12.5,9.071729957805907,9.138381201044385,0.0,9.172259507829978,8.653846153846153,9.67741935483871,8.35214446952596,7.6923076923076925,6.944444444444445,0.0,10.652920962199312,7.853403141361256,8.764940239043826,6.701940035273369,9.251101321585903,9.976798143851507,7.927927927927928,8.171206225680933,8.333333333333332,11.794871794871794,9.62566844919786,10.584958217270195,0.0,12.727272727272727,12.264150943396226,2.380952380952381,10.21021021021021,9.62962962962963,10.251046025104603,10.76923076923077,7.920792079207921,9.5,9.327548806941431,1.2195121951219512,5.0,9.191176470588236,8.823529411764707,8.75,7.000000000000001,4.385964912280701,12.045454545454545,7.9787234042553195
8,5.691056910569105,6.532663316582915,9.558823529411764,6.437768240343347,8.91089108910891,7.103825136612022,4.545454545454546,6.090373280943026,8.333333333333332,4.82897384305835,4.411764705882353,5.454545454545454,3.608247422680412,11.949685534591195,8.333333333333332,4.305283757338552,7.476635514018691,10.256410256410255,6.2645011600928076,7.291666666666667,8.108108108108109,7.828282828282829,13.043478260869565,8.695652173913043,7.142857142857142,7.000000000000001,8.421052631578947,7.017543859649122,6.565656565656567,6.923076923076923,9.060402684563758,6.823027718550106,7.339449541284404,12.048192771084338,12.080536912751679,3.225806451612903,13.432835820895523,7.110091743119266,5.617977528089887,6.557377049180328,5.357142857142857,6.896551724137931,5.849056603773585,8.02919708029197,7.6923076923076925,8.300395256916996,8.754208754208754,0.0,5.46218487394958,10.7981220657277,5.1020408163265305,13.452914798206278,12.142857142857142,0.0,5.9405940594059405,10.44776119402985,6.796116504854369,0.0,6.25,7.59493670886076,4.699738903394255,0.0,9.172259507829978,4.807692307692308,12.903225806451612,6.094808126410835,7.6923076923076925,6.746031746031746,0.0,9.965635738831615,6.980802792321117,7.171314741035857,5.64373897707231,5.506607929515418,8.584686774941995,5.405405405405405,7.976653696498054,5.62015503875969,9.743589743589745,6.417112299465241,6.685236768802229,0.0,9.090909090909092,8.018867924528301,7.142857142857142,5.7057057057057055,8.148148148148149,8.99581589958159,6.666666666666667,7.920792079207921,5.5,6.941431670281996,3.6585365853658534,8.333333333333332,7.720588235294118,8.597285067873303,4.375,6.0,3.508771929824561,7.2727272727272725,9.042553191489363
9,3.2520325203252036,9.045226130653267,8.088235294117647,4.07725321888412,7.920792079207921,4.371584699453552,6.493506493506493,4.322200392927308,5.555555555555555,5.8350100603621735,5.88235294117647,4.545454545454546,6.701030927835052,8.80503144654088,10.416666666666668,3.9138943248532287,7.476635514018691,6.95970695970696,6.2645011600928076,14.583333333333334,4.954954954954955,5.303030303030303,4.3478260869565215,3.6231884057971016,8.571428571428571,10.0,6.666666666666667,4.605263157894736,8.585858585858585,6.923076923076923,6.7114093959731544,2.9850746268656714,4.587155963302752,9.33734939759036,10.06711409395973,11.827956989247312,2.9850746268656714,5.045871559633028,6.741573033707865,4.918032786885246,6.919642857142858,7.8817733990147785,3.7735849056603774,6.569343065693431,5.982905982905983,6.719367588932807,4.713804713804714,0.0,6.302521008403361,5.633802816901409,6.63265306122449,6.726457399103139,5.0,5.208333333333334,14.85148514851485,4.477611940298507,3.8834951456310676,0.0,0.0,6.118143459915612,5.7441253263707575,0.0,3.3557046979865772,8.653846153846153,6.451612903225806,4.740406320541761,10.0,4.563492063492063,0.0,4.4673539518900345,5.06108202443281,4.780876494023905,4.5855379188712515,6.387665198237885,6.0324825986078885,3.783783783783784,3.3073929961089497,2.9069767441860463,7.179487179487179,8.288770053475936,5.8495821727019495,0.0,3.6363636363636362,6.60377358490566,2.380952380952381,7.5075075075075075,6.666666666666667,4.602510460251046,9.743589743589745,5.6105610561056105,11.0,6.941431670281996,9.75609756097561,11.666666666666666,9.558823529411764,3.8461538461538463,5.625,8.0,5.263157894736842,5.909090909090909,5.319148936170213
10,4.0650406504065035,6.030150753768844,6.61764705882353,2.575107296137339,5.9405940594059405,2.73224043715847,2.5974025974025974,3.3398821218074657,6.944444444444445,4.0241448692152915,4.411764705882353,2.727272727272727,7.731958762886598,4.716981132075472,12.5,3.9138943248532287,7.476635514018691,8.058608058608058,3.944315545243619,5.208333333333334,3.6036036036036037,3.0303030303030303,0.0,5.072463768115942,4.285714285714286,3.0,3.1578947368421053,2.4122807017543857,2.525252525252525,6.153846153846154,6.375838926174497,4.264392324093817,3.9755351681957185,5.421686746987952,5.369127516778524,8.60215053763441,2.9850746268656714,5.045871559633028,4.49438202247191,5.737704918032787,3.571428571428571,7.389162561576355,3.207547169811321,5.474452554744526,2.1367521367521367,4.3478260869565215,7.07070707070707,0.0,4.621848739495799,8.450704225352112,9.693877551020408,8.520179372197308,5.0,7.291666666666667,5.9405940594059405,4.477611940298507,6.796116504854369,0.0,0.0,1.6877637130801686,2.088772845953003,0.0,5.1454138702460845,7.6923076923076925,0.0,3.837471783295711,7.6923076923076925,3.968253968253968,0.0,2.7491408934707904,3.4904013961605584,4.183266932270916,3.880070546737213,4.405286343612335,4.872389791183294,2.5225225225225225,4.669260700389105,3.488372093023256,7.179487179487179,4.010695187165775,5.2924791086350975,20.0,7.727272727272727,6.132075471698113,2.380952380952381,3.903903903903904,8.148148148148149,5.648535564853557,6.153846153846154,4.62046204620462,2.0,2.386117136659436,8.536585365853659,8.333333333333332,7.352941176470589,5.88235294117647,6.25,5.5,6.140350877192982,3.6363636363636362,4.521276595744681
11,2.4390243902439024,6.030150753768844,7.352941176470589,3.004291845493562,4.9504950495049505,5.46448087431694,3.2467532467532463,2.357563850687623,6.481481481481481,4.426559356136821,5.88235294117647,8.181818181818182,7.731958762886598,2.8301886792452833,4.166666666666666,1.761252446183953,7.476635514018691,4.029304029304029,3.0162412993039442,5.208333333333334,2.027027027027027,2.525252525252525,6.521739130434782,3.6231884057971016,4.285714285714286,7.000000000000001,3.8596491228070176,2.631578947368421,5.05050505050505,7.6923076923076925,4.697986577181208,2.9850746268656714,3.9755351681957185,3.313253012048193,5.369127516778524,4.301075268817205,7.462686567164178,2.064220183486239,4.49438202247191,4.918032786885246,3.571428571428571,6.403940886699508,2.2641509433962264,4.37956204379562,2.1367521367521367,3.557312252964427,4.040404040404041,0.0,2.100840336134454,4.694835680751173,7.653061224489796,5.381165919282512,3.571428571428571,12.5,10.891089108910892,11.940298507462686,6.472491909385113,33.33333333333333,18.75,2.9535864978902953,5.221932114882506,0.0,3.3557046979865772,1.9230769230769231,6.451612903225806,2.9345372460496613,3.076923076923077,2.579365079365079,0.0,3.7800687285223367,2.4432809773123907,2.3904382470119523,2.2927689594356258,3.0837004405286343,3.480278422273782,3.063063063063063,3.501945525291829,1.744186046511628,5.128205128205128,2.13903743315508,3.3426183844011144,20.0,5.909090909090909,3.30188679245283,9.523809523809524,4.504504504504505,5.9259259259259265,3.9748953974895396,6.666666666666667,2.6402640264026402,2.5,2.386117136659436,4.878048780487805,7.5,4.411764705882353,3.619909502262444,4.375,7.5,1.7543859649122806,2.0454545454545454,2.6595744680851063
12,2.4390243902439024,6.030150753768844,5.147058823529411,2.1459227467811157,10.891089108910892,5.46448087431694,0.6493506493506493,1.9646365422396856,2.7777777777777777,2.414486921529175,1.4705882352941175,4.545454545454546,3.0927835051546393,3.459119496855346,2.083333333333333,1.1741682974559686,5.607476635514018,2.197802197802198,1.160092807424594,5.208333333333334,2.9279279279279278,1.5151515151515151,4.3478260869565215,4.3478260869565215,5.714285714285714,7.000000000000001,4.56140350877193,1.0964912280701753,3.0303030303030303,5.384615384615385,5.033557046979865,1.7057569296375266,1.529051987767584,0.9036144578313252,5.369127516778524,2.1505376344086025,8.955223880597014,1.834862385321101,4.49438202247191,3.278688524590164,0.8928571428571428,6.403940886699508,1.3207547169811322,4.37956204379562,2.564102564102564,3.1620553359683794,2.0202020202020203,0.0,3.7815126050420167,6.103286384976526,4.081632653061225,5.829596412556054,2.857142857142857,2.083333333333333,7.920792079207921,5.970149253731343,4.854368932038835,0.0,0.0,1.2658227848101267,2.3498694516971277,33.33333333333333,1.7897091722595078,1.9230769230769231,0.0,2.2573363431151243,3.076923076923077,2.976190476190476,0.0,4.123711340206185,1.9197207678883073,2.1912350597609564,1.4109347442680775,1.5418502202643172,3.480278422273782,1.0810810810810811,2.140077821011673,1.550387596899225,2.564102564102564,1.3368983957219251,2.2284122562674096,0.0,5.0,3.30188679245283,7.142857142857142,3.303303303303303,4.444444444444445,2.092050209205021,4.102564102564102,1.3201320132013201,7.000000000000001,1.5184381778741864,7.317073170731707,3.3333333333333335,4.779411764705882,4.524886877828054,2.5,1.5,8.771929824561402,1.5909090909090908,2.127659574468085
13,0.8130081300813009,7.035175879396985,3.6764705882352944,1.2875536480686696,1.9801980198019802,5.46448087431694,2.272727272727273,1.37524557956778,3.2407407407407405,0.8048289738430584,1.4705882352941175,4.545454545454546,2.0618556701030926,2.515723270440252,2.083333333333333,0.5870841487279843,5.607476635514018,1.8315018315018317,0.46403712296983757,2.083333333333333,1.1261261261261262,2.0202020202020203,4.3478260869565215,2.898550724637681,1.4285714285714286,5.0,3.1578947368421053,0.6578947368421052,4.040404040404041,4.615384615384616,3.691275167785235,1.9189765458422177,1.834862385321101,1.2048192771084338,4.697986577181208,5.376344086021505,5.970149253731343,1.3761467889908259,2.247191011235955,5.737704918032787,2.232142857142857,4.926108374384237,0.7547169811320755,2.5547445255474455,1.282051282051282,2.766798418972332,1.6835016835016834,100.0,2.941176470588235,1.8779342723004695,4.081632653061225,3.587443946188341,2.142857142857143,1.0416666666666665,5.9405940594059405,2.9850746268656714,3.559870550161812,33.33333333333333,0.0,2.7426160337552745,3.6553524804177546,33.33333333333333,2.013422818791946,10.576923076923077,0.0,1.580135440180587,1.5384615384615385,1.1904761904761905,0.0,3.0927835051546393,1.5706806282722512,1.7928286852589643,1.4109347442680775,3.0837004405286343,2.088167053364269,0.9009009009009009,2.3346303501945527,0.9689922480620154,4.102564102564102,0.8021390374331552,1.392757660167131,0.0,5.0,1.8867924528301887,11.904761904761903,2.4024024024024024,4.444444444444445,0.8368200836820083,3.5897435897435894,2.31023102310231,7.5,1.5184381778741864,3.6585365853658534,1.6666666666666667,2.941176470588235,0.904977375565611,2.5,5.5,6.140350877192982,1.1363636363636365,0.5319148936170213
14,0.8130081300813009,4.0201005025125625,7.352941176470589,1.2875536480686696,0.9900990099009901,3.278688524590164,0.3246753246753247,1.1787819253438114,2.314814814814815,1.2072434607645874,1.4705882352941175,4.545454545454546,2.5773195876288657,2.20125786163522,2.083333333333333,0.5870841487279843,0.0,4.761904761904762,0.23201856148491878,2.083333333333333,0.6756756756756757,0.5050505050505051,2.1739130434782608,3.6231884057971016,3.3333333333333335,5.0,3.508771929824561,0.8771929824561403,2.0202020202020203,3.076923076923077,1.6778523489932886,0.42643923240938164,1.529051987767584,0.6024096385542169,0.6711409395973155,2.1505376344086025,5.970149253731343,0.45871559633027525,3.3707865168539324,0.819672131147541,0.8928571428571428,3.9408866995073892,1.8867924528301887,4.744525547445255,2.1367521367521367,0.7905138339920948,0.0,0.0,1.680672268907563,3.755868544600939,2.5510204081632653,3.1390134529147984,3.571428571428571,6.25,4.9504950495049505,4.477611940298507,4.854368932038835,33.33333333333333,0.0,1.89873417721519,2.088772845953003,0.0,1.1185682326621924,1.9230769230769231,3.225806451612903,0.4514672686230248,1.5384615384615385,1.7857142857142856,0.0,2.0618556701030926,1.2216404886561953,0.398406374501992,0.7054673721340388,1.9823788546255507,1.6241299303944314,0.18018018018018017,1.7509727626459144,0.9689922480620154,3.076923076923077,0.8021390374331552,1.392757660167131,0.0,1.8181818181818181,1.8867924528301887,2.380952380952381,1.8018018018018018,2.9629629629629632,1.6736401673640167,1.5384615384615385,0.0,3.0,1.0845986984815619,2.4390243902439024,2.5,1.4705882352941175,2.262443438914027,1.875,6.0,5.263157894736842,2.272727272727273,1.0638297872340425
15,0.0,2.0100502512562812,2.941176470588235,0.6437768240343348,0.9900990099009901,1.639344262295082,0.0,0.7858546168958742,2.314814814814815,1.0060362173038229,0.0,0.9090909090909091,1.5463917525773196,1.257861635220126,2.083333333333333,0.19569471624266144,3.7383177570093453,2.564102564102564,0.46403712296983757,0.0,1.1261261261261262,0.25252525252525254,0.0,2.898550724637681,4.285714285714286,3.0,1.7543859649122806,0.43859649122807015,3.0303030303030303,1.5384615384615385,2.013422818791946,0.8528784648187633,0.9174311926605505,0.9036144578313252,1.342281879194631,1.0752688172043012,1.4925373134328357,1.146788990825688,1.1235955056179776,3.278688524590164,0.8928571428571428,1.9704433497536946,0.9433962264150944,1.094890510948905,2.1367521367521367,2.371541501976284,1.0101010101010102,0.0,1.2605042016806722,2.8169014084507045,3.571428571428571,3.587443946188341,3.571428571428571,4.166666666666666,2.9702970297029703,5.970149253731343,2.26537216828479,0.0,0.0,1.0548523206751055,1.5665796344647518,0.0,1.1185682326621924,4.807692307692308,0.0,1.1286681715575622,1.5384615384615385,1.984126984126984,0.0,1.0309278350515463,0.0,0.796812749003984,1.2345679012345678,1.3215859030837005,0.9280742459396751,0.0,1.556420233463035,0.5813953488372093,1.5384615384615385,0.53475935828877,0.8356545961002786,0.0,2.272727272727273,1.4150943396226416,7.142857142857142,0.6006006006006006,1.4814814814814816,0.41841004184100417,2.051282051282051,0.9900990099009901,4.5,0.43383947939262474,6.097560975609756,3.3333333333333335,2.5735294117647056,1.583710407239819,0.0,2.5,3.508771929824561,1.3636363636363635,1.0638297872340425
16,0.0,2.512562814070352,3.6764705882352944,0.4291845493562232,4.9504950495049505,0.546448087431694,0.3246753246753247,0.5893909626719057,2.314814814814815,1.0060362173038229,2.941176470588235,3.6363636363636362,0.5154639175257731,0.628930817610063,0.0,0.5870841487279843,3.7383177570093453,1.098901098901099,0.6960556844547563,4.166666666666666,0.0,0.25252525252525254,0.0,7.971014492753622,2.380952380952381,1.0,1.4035087719298245,0.6578947368421052,2.0202020202020203,4.615384615384616,0.33557046979865773,0.6396588486140725,1.529051987767584,0.9036144578313252,2.684563758389262,3.225806451612903,2.9850746268656714,0.22935779816513763,1.1235955056179776,4.098360655737705,0.2232142857142857,1.9704433497536946,0.18867924528301888,1.824817518248175,0.0,1.9762845849802373,1.0101010101010102,0.0,0.8403361344537815,2.8169014084507045,2.5510204081632653,1.7937219730941705,1.4285714285714286,1.0416666666666665,0.9900990099009901,7.462686567164178,1.9417475728155338,0.0,6.25,1.0548523206751055,1.0443864229765014,0.0,0.6711409395973155,2.8846153846153846,0.0,0.9029345372460496,2.307692307692308,0.992063492063492,0.0,1.0309278350515463,0.5235602094240838,0.9960159362549801,1.2345679012345678,1.5418502202643172,1.160092807424594,0.36036036036036034,0.5836575875486382,0.1937984496124031,4.615384615384616,0.0,1.1142061281337048,0.0,1.3636363636363635,0.4716981132075472,4.761904761904762,0.9009009009009009,2.2222222222222223,0.6276150627615062,1.5384615384615385,0.6600660066006601,3.5000000000000004,1.3015184381778742,1.2195121951219512,2.5,2.2058823529411766,0.904977375565611,1.25,3.0,7.894736842105263,0.45454545454545453,0.26595744680851063
17,0.0,0.5025125628140703,1.4705882352941175,0.2145922746781116,0.0,1.639344262295082,0.3246753246753247,0.7858546168958742,1.3888888888888888,0.4024144869215292,1.4705882352941175,3.6363636363636362,1.5463917525773196,0.628930817610063,0.0,0.19569471624266144,0.9345794392523363,1.465201465201465,0.46403712296983757,2.083333333333333,0.45045045045045046,0.5050505050505051,4.3478260869565215,3.6231884057971016,1.4285714285714286,2.0,1.0526315789473684,0.21929824561403508,1.5151515151515151,0.7692307692307693,0.0,0.6396588486140725,0.6116207951070336,0.9036144578313252,0.0,2.1505376344086025,2.9850746268656714,0.6880733944954129,1.1235955056179776,3.278688524590164,0.6696428571428571,2.4630541871921183,0.18867924528301888,0.7299270072992701,0.0,1.5810276679841897,1.0101010101010102,0.0,1.2605042016806722,0.4694835680751174,1.0204081632653061,0.8968609865470852,0.7142857142857143,1.0416666666666665,0.0,4.477611940298507,1.2944983818770228,0.0,0.0,0.21097046413502107,0.7832898172323759,0.0,0.22371364653243847,2.8846153846153846,3.225806451612903,0.4514672686230248,1.5384615384615385,0.0,0.0,0.3436426116838488,0.34904013961605584,0.398406374501992,1.2345679012345678,0.881057268722467,0.9280742459396751,0.0,0.19455252918287938,0.1937984496124031,0.0,0.53475935828877,0.5571030640668524,0.0,1.3636363636363635,0.9433962264150944,7.142857142857142,0.0,0.7407407407407408,0.8368200836820083,1.0256410256410255,0.6600660066006601,3.5000000000000004,0.6507592190889371,2.4390243902439024,3.3333333333333335,2.2058823529411766,1.1312217194570136,1.875,4.0,1.7543859649122806,0.22727272727272727,0.0
18,0.40650406504065045,0.0,3.6764705882352944,0.2145922746781116,1.9801980198019802,1.092896174863388,0.3246753246753247,0.3929273084479371,2.314814814814815,0.2012072434607646,1.4705882352941175,0.0,0.5154639175257731,0.628930817610063,0.0,0.0,0.0,1.465201465201465,0.23201856148491878,0.0,0.0,0.0,2.1739130434782608,1.4492753623188406,2.380952380952381,2.0,0.3508771929824561,0.21929824561403508,2.0202020202020203,1.5384615384615385,0.6711409395973155,0.42643923240938164,0.6116207951070336,0.0,2.684563758389262,2.1505376344086025,2.9850746268656714,0.22935779816513763,2.247191011235955,2.459016393442623,0.2232142857142857,1.477832512315271,0.0,1.4598540145985401,0.4273504273504274,0.0,2.0202020202020203,0.0,1.2605042016806722,0.9389671361502347,0.0,0.8968609865470852,1.4285714285714286,4.166666666666666,1.9801980198019802,4.477611940298507,1.9417475728155338,0.0,0.0,0.6329113924050633,0.26109660574412535,0.0,0.22371364653243847,0.0,0.0,0.0,0.0,0.5952380952380952,0.0,0.0,0.34904013961605584,0.9960159362549801,0.3527336860670194,0.6607929515418502,0.46403712296983757,0.0,0.19455252918287938,0.1937984496124031,1.5384615384615385,0.0,0.0,20.0,0.45454545454545453,0.9433962264150944,7.142857142857142,0.3003003003003003,1.4814814814814816,0.6276150627615062,2.051282051282051,0.0,1.0,0.43383947939262474,2.4390243902439024,1.6666666666666667,1.1029411764705883,0.904977375565611,0.0,1.0,2.631578947368421,0.22727272727272727,0.26595744680851063
19,0.40650406504065045,0.5025125628140703,2.941176470588235,0.6437768240343348,2.9702970297029703,0.546448087431694,0.0,0.0,2.314814814814815,0.0,1.4705882352941175,0.9090909090909091,0.5154639175257731,0.3144654088050315,2.083333333333333,0.19569471624266144,0.9345794392523363,2.93040293040293,0.23201856148491878,0.0,0.0,0.25252525252525254,0.0,2.1739130434782608,3.3333333333333335,0.0,0.7017543859649122,0.21929824561403508,0.0,0.0,0.6711409395973155,0.21321961620469082,0.3058103975535168,0.6024096385542169,1.342281879194631,2.1505376344086025,0.0,0.22935779816513763,0.0,1.639344262295082,0.2232142857142857,2.955665024630542,0.0,0.0,0.4273504273504274,0.0,1.3468013468013467,0.0,0.42016806722689076,0.9389671361502347,1.0204081632653061,0.8968609865470852,2.142857142857143,0.0,2.9702970297029703,1.4925373134328357,1.9417475728155338,0.0,6.25,0.21097046413502107,0.26109660574412535,0.0,0.0,1.9230769230769231,0.0,0.2257336343115124,2.307692307692308,0.5952380952380952,0.0,0.0,0.0,0.199203187250996,0.3527336860670194,0.4405286343612335,0.6960556844547563,0.18018018018018017,0.38910505836575876,0.3875968992248062,0.5128205128205128,0.0,0.5571030640668524,0.0,1.3636363636363635,0.4716981132075472,2.380952380952381,0.3003003003003003,1.4814814814814816,0.6276150627615062,0.0,0.0,2.5,0.43383947939262474,2.4390243902439024,0.8333333333333334,0.7352941176470588,0.6787330316742082,2.5,1.5,1.7543859649122806,0.45454545454545453,0.26595744680851063
20,0.0,1.507537688442211,1.4705882352941175,0.4291845493562232,0.0,0.546448087431694,0.0,0.0,0.4629629629629629,0.4024144869215292,2.941176470588235,0.9090909090909091,1.0309278350515463,0.0,0.0,0.3913894324853229,0.9345794392523363,1.465201465201465,0.0,2.083333333333333,0.0,0.25252525252525254,4.3478260869565215,2.898550724637681,0.9523809523809524,0.0,1.7543859649122806,0.0,2.0202020202020203,3.8461538461538463,0.33557046979865773,0.0,0.3058103975535168,0.6024096385542169,2.013422818791946,1.0752688172043012,2.9850746268656714,0.0,2.247191011235955,0.819672131147541,0.0,0.49261083743842365,0.0,0.36496350364963503,0.0,0.0,0.33670033670033667,0.0,0.8403361344537815,0.4694835680751174,1.0204081632653061,0.0,0.7142857142857143,0.0,1.9801980198019802,1.4925373134328357,0.3236245954692557,0.0,0.0,0.0,0.0,0.0,0.0,0.9615384615384616,3.225806451612903,0.4514672686230248,0.0,0.0,0.0,0.6872852233676976,0.17452006980802792,0.199203187250996,0.1763668430335097,0.22026431718061676,0.46403712296983757,0.18018018018018017,0.5836575875486382,0.0,0.5128205128205128,0.267379679144385,0.0,0.0,0.0,0.0,0.0,0.9009009009009009,2.9629629629629632,0.41841004184100417,0.0,0.6600660066006601,1.0,0.0,2.4390243902439024,0.8333333333333334,1.4705882352941175,0.6787330316742082,2.5,1.5,1.7543859649122806,0.0,0.0
21,0.0,0.5025125628140703,0.0,0.2145922746781116,1.9801980198019802,0.546448087431694,0.0,0.19646365422396855,0.9259259259259258,0.4024144869215292,0.0,0.9090909090909091,1.5463917525773196,0.3144654088050315,0.0,0.0,1.8691588785046727,1.8315018315018317,0.23201856148491878,0.0,0.0,0.25252525252525254,0.0,1.4492753623188406,0.9523809523809524,0.0,0.3508771929824561,0.0,1.0101010101010102,0.0,0.0,0.0,0.0,0.30120481927710846,0.6711409395973155,0.0,2.9850746268656714,0.22935779816513763,2.247191011235955,1.639344262295082,0.0,0.49261083743842365,0.0,0.36496350364963503,0.0,0.3952569169960474,0.6734006734006733,0.0,0.0,0.0,1.0204081632653061,0.0,0.0,1.0416666666666665,0.0,0.0,1.2944983818770228,0.0,0.0,0.0,0.0,0.0,0.0,2.8846153846153846,0.0,0.2257336343115124,0.7692307692307693,0.1984126984126984,0.0,0.0,0.0,0.0,0.0,0.0,0.0,0.18018018018018017,0.38910505836575876,0.0,1.0256410256410255,0.0,0.2785515320334262,0.0,0.0,0.0,2.380952380952381,0.0,0.7407407407407408,0.20920502092050208,1.0256410256410255,0.33003300330033003,2.5,0.21691973969631237,3.6585365853658534,1.6666666666666667,0.3676470588235294,0.22624434389140274,1.875,0.5,0.8771929824561403,0.22727272727272727,0.0
22,0.0,0.0,1.4705882352941175,0.0,0.0,0.0,0.0,0.0,2.314814814814815,0.2012072434607646,1.4705882352941175,0.0,0.5154639175257731,1.257861635220126,0.0,0.0,0.0,0.7326007326007326,0.23201856148491878,1.0416666666666665,0.0,0.0,2.1739130434782608,1.4492753623188406,0.9523809523809524,1.0,0.3508771929824561,0.43859649122807015,1.0101010101010102,0.7692307692307693,0.33557046979865773,0.21321961620469082,0.3058103975535168,0.0,1.342281879194631,0.0,1.4925373134328357,0.0,0.0,0.0,0.2232142857142857,0.9852216748768473,0.18867924528301888,0.7299270072992701,0.0,0.0,0.33670033670033667,0.0,0.0,0.0,1.0204081632653061,0.0,1.4285714285714286,2.083333333333333,0.0,1.4925373134328357,1.2944983818770228,0.0,6.25,0.21097046413502107,0.26109660574412535,33.33333333333333,0.22371364653243847,1.9230769230769231,0.0,0.0,1.5384615384615385,0.3968253968253968,0.0,0.0,0.17452006980802792,0.0,0.0,0.22026431718061676,0.0,0.0,0.0,0.0,1.5384615384615385,0.0,0.0,20.0,0.45454545454545453,0.0,4.761904761904762,0.0,0.0,0.0,0.0,0.0,0.5,0.21691973969631237,4.878048780487805,0.8333333333333334,0.7352941176470588,0.22624434389140274,0.0,1.5,0.8771929824561403,0.0,0.0
23,0.0,0.0,2.2058823529411766,0.4291845493562232,0.0,0.0,0.0,0.19646365422396855,0.0,0.2012072434607646,1.4705882352941175,0.0,0.0,0.3144654088050315,0.0,0.0,0.0,1.098901098901099,0.23201856148491878,0.0,0.0,0.25252525252525254,0.0,0.7246376811594203,1.4285714285714286,0.0,0.7017543859649122,0.0,1.0101010101010102,0.0,0.33557046979865773,0.0,0.0,0.0,0.0,1.0752688172043012,0.0,0.0,0.0,0.819672131147541,0.0,0.9852216748768473,0.18867924528301888,0.7299270072992701,0.0,0.0,0.0,0.0,0.0,0.4694835680751174,1.0204081632653061,0.4484304932735426,0.7142857142857143,0.0,0.9900990099009901,1.4925373134328357,0.6472491909385114,0.0,0.0,0.0,0.0,0.0,0.0,0.0,0.0,0.2257336343115124,0.0,0.0,0.0,0.0,0.17452006980802792,0.199203187250996,0.0,0.0,0.0,0.0,0.0,0.0,1.5384615384615385,0.0,0.0,0.0,0.0,0.0,2.380952380952381,0.0,0.7407407407407408,0.0,0.0,0.0,1.0,0.0,1.2195121951219512,2.5,0.0,0.0,1.875,1.0,0.0,0.0,0.0
24,0.0,0.0,1.4705882352941175,0.0,0.9900990099009901,1.639344262295082,0.3246753246753247,0.0,0.0,0.2012072434607646,0.0,1.8181818181818181,0.0,0.0,0.0,0.0,0.0,0.3663003663003663,0.0,0.0,0.22522522522522523,0.0,0.0,1.4492753623188406,0.0,1.0,0.0,0.0,0.5050505050505051,0.0,0.0,0.42643923240938164,0.0,0.6024096385542169,1.342281879194631,1.0752688172043012,1.4925373134328357,0.0,0.0,0.0,0.0,0.49261083743842365,0.18867924528301888,0.7299270072992701,0.0,0.0,0.33670033670033667,0.0,0.0,0.4694835680751174,0.0,0.4484304932735426,0.0,0.0,0.0,0.0,1.2944983818770228,0.0,0.0,0.21097046413502107,0.26109660574412535,0.0,0.0,0.0,0.0,0.2257336343115124,0.7692307692307693,0.0,0.0,0.0,0.0,0.0,0.0,0.22026431718061676,0.0,0.0,0.38910505836575876,0.0,0.0,0.0,0.0,0.0,0.0,0.4716981132075472,0.0,0.3003003003003003,0.7407407407407408,0.0,1.0256410256410255,0.33003300330033003,1.5,0.0,0.0,0.8333333333333334,0.7352941176470588,0.0,2.5,0.5,1.7543859649122806,0.0,0.0
25,0.0,0.5025125628140703,1.4705882352941175,0.0,0.0,0.0,0.0,0.0,0.9259259259259258,0.0,0.0,0.0,0.0,0.3144654088050315,0.0,0.0,0.0,0.7326007326007326,0.0,0.0,0.0,0.0,2.1739130434782608,1.4492753623188406,1.9047619047619049,1.0,0.3508771929824561,0.0,2.0202020202020203,0.0,0.0,0.0,0.0,0.0,0.6711409395973155,2.1505376344086025,1.4925373134328357,0.0,0.0,0.819672131147541,0.0,0.9852216748768473,0.0,0.0,0.0,0.0,0.33670033670033667,0.0,0.0,0.0,0.5102040816326531,0.0,0.0,0.0,0.0,0.0,0.0,0.0,0.0,0.0,0.0,0.0,0.0,1.9230769230769231,0.0,0.2257336343115124,0.0,0.0,0.0,0.0,0.0,0.199203187250996,0.0,0.0,0.0,0.0,0.0,0.0,0.5128205128205128,0.0,0.2785515320334262,0.0,0.0,0.0,0.0,0.0,0.0,0.0,0.0,0.9900990099009901,1.0,0.0,3.6585365853658534,0.0,0.0,0.22624434389140274,1.875,2.0,1.7543859649122806,0.0,0.26595744680851063
26,0.0,0.5025125628140703,0.7352941176470588,0.0,0.0,0.546448087431694,0.0,0.0,0.0,0.2012072434607646,0.0,0.9090909090909091,0.5154639175257731,0.0,0.0,0.0,0.0,0.7326007326007326,0.0,1.0416666666666665,0.0,0.0,0.0,0.7246376811594203,0.0,0.0,0.3508771929824561,0.0,0.5050505050505051,0.0,0.0,0.0,0.3058103975535168,0.6024096385542169,0.0,0.0,0.0,0.0,0.0,0.0,0.0,0.49261083743842365,0.0,0.36496350364963503,0.0,0.0,0.0,0.0,0.0,0.0,0.0,0.0,0.0,0.0,0.9900990099009901,0.0,0.6472491909385114,0.0,0.0,0.21097046413502107,0.0,0.0,0.0,0.0,0.0,0.0,0.0,0.0,0.0,0.0,0.0,0.0,0.0,0.0,0.0,0.0,0.0,0.0,0.0,0.0,0.0,0.0,0.9090909090909091,0.0,0.0,0.0,0.7407407407407408,0.20920502092050208,0.0,0.0,0.5,0.0,2.4390243902439024,0.8333333333333334,0.0,0.0,0.0,0.5,0.8771929824561403,0.0,0.0
27,0.0,0.0,0.0,0.2145922746781116,0.0,0.0,0.0,0.0,0.4629629629629629,0.0,0.0,0.9090909090909091,0.0,0.0,0.0,0.0,0.0,0.3663003663003663,0.0,1.0416666666666665,0.0,0.0,2.1739130434782608,0.0,0.4761904761904762,0.0,0.7017543859649122,0.0,0.5050505050505051,0.0,0.0,0.0,0.3058103975535168,0.30120481927710846,0.0,0.0,0.0,0.0,0.0,2.459016393442623,0.0,0.0,0.0,0.0,0.0,0.3952569169960474,0.33670033670033667,0.0,0.0,0.4694835680751174,0.0,0.0,0.0,0.0,0.0,0.0,0.3236245954692557,0.0,0.0,0.0,0.0,0.0,0.0,0.0,0.0,0.0,0.0,0.0,0.0,0.0,0.0,0.0,0.0,0.0,0.0,0.0,0.0,0.0,0.0,0.0,0.0,0.0,0.45454545454545453,0.0,0.0,0.0,0.0,0.0,0.0,0.0,1.0,0.0,1.2195121951219512,0.0,0.3676470588235294,0.22624434389140274,1.875,1.0,0.0,0.0,0.26595744680851063
28,0.0,0.0,0.0,0.2145922746781116,0.0,0.0,0.0,0.0,0.0,0.0,0.0,0.0,0.0,0.0,0.0,0.0,1.8691588785046727,0.0,0.0,0.0,0.0,0.0,0.0,0.0,0.4761904761904762,0.0,0.0,0.0,0.5050505050505051,0.0,0.0,0.0,0.0,0.0,1.342281879194631,1.0752688172043012,0.0,0.0,0.0,0.0,0.0,0.0,0.0,0.7299270072992701,0.0,0.3952569169960474,0.0,0.0,0.0,0.0,0.0,0.8968609865470852,0.0,0.0,0.0,0.0,0.0,0.0,0.0,0.0,0.0,0.0,0.0,0.0,0.0,0.0,0.0,0.0,0.0,0.3436426116838488,0.0,0.0,0.0,0.0,0.0,0.0,0.0,0.0,1.0256410256410255,0.0,0.0,0.0,0.0,0.0,0.0,0.0,0.0,0.0,0.0,0.0,1.5,0.0,0.0,1.6666666666666667,0.0,0.22624434389140274,0.0,0.0,0.8771929824561403,0.0,0.0
29,0.0,0.0,0.0,0.0,0.0,0.0,0.0,0.0,0.0,0.2012072434607646,0.0,1.8181818181818181,1.0309278350515463,0.3144654088050315,0.0,0.0,0.0,0.7326007326007326,0.0,0.0,0.0,0.25252525252525254,2.1739130434782608,0.7246376811594203,0.0,0.0,0.0,0.0,0.0,0.0,0.33557046979865773,0.0,0.3058103975535168,0.0,0.0,2.1505376344086025,2.9850746268656714,0.0,0.0,0.0,0.0,0.0,0.0,0.7299270072992701,0.0,0.0,0.33670033670033667,0.0,0.0,0.0,0.0,0.4484304932735426,0.0,0.0,0.0,0.0,0.0,0.0,0.0,0.0,0.0,0.0,0.0,1.9230769230769231,0.0,0.0,0.0,0.0,0.0,0.0,0.0,0.0,0.0,0.0,0.23201856148491878,0.0,0.0,0.0,0.0,0.0,0.0,0.0,0.0,0.0,2.380952380952381,0.0,0.0,0.0,0.5128205128205128,0.0,0.0,0.0,0.0,0.0,0.0,0.0,1.25,0.0,0.0,0.0,0.0
